user_id,city,n_pano_visited,n_pano_with_label,n_keyboard_interaction,n_pan_interaction
04a5aab0-82ac-44a4-8a23-47b27d129336,pittsburgh,158,101,770,17743
06dcb7c3-b401-4602-b82d-73f4254d303a,pittsburgh,128,49,49,12150
08a16a7a-a1a0-478b-b3c4-2e351327fc10,pittsburgh,127,115,72,12403
09dbf533-30f3-4aac-b550-77654f8de0d3,pittsburgh,169,39,57,12793
0a9745e1-a0cb-4fa1-9fbf-aeb71fa83696,pittsburgh,145,49,3,11556
0e07e366-b7f6-451a-a720-547cd1334d7b,pittsburgh,143,86,68,18416
186f987a-4edb-485d-954e-aaf1f9b6f6d8,pittsburgh,93,24,41,4934
29667728-f533-4d81-847b-336ed088b484,pittsburgh,140,32,147,9370
2a173636-c664-42e3-ba9b-4d6ef869d092,pittsburgh,163,50,13,10925
2b4822b9-cb6d-45b7-aaa3-582bcd9bb13f,pittsburgh,131,35,25,3261
2c3be2fd-fd9c-4f68-8a1e-235f062943b9,pittsburgh,5852,1583,25562,402451
34f3faf8-ea08-4e7e-81db-e48138a14044,pittsburgh,131,39,55,7059
38437285-0582-4536-9041-348328923c50,pittsburgh,185,25,54,7373
3a0e42f3-0823-40d4-89cf-7f3181d28d3a,pittsburgh,145,52,126,11762
3a6d350f-ffbe-4c39-be72-a44568688ae0,pittsburgh,154,76,170,10009
4cf0e199-7d46-4869-9387-5a87e5a5f5a3,pittsburgh,163,42,81,16347
4dd557db-39a6-400e-8016-cd9a0f4b1f49,pittsburgh,390,129,50,31192
5b74b57a-5358-4553-8811-9c7c0084d9a1,pittsburgh,2111,354,94,187436
5c3dd091-aee0-4b24-9ebd-a1e1920eeb0b,pittsburgh,1056,349,2440,28314
5f7cc7dc-6403-426c-8ac2-c7cf28264e18,pittsburgh,183,115,94,24238
690c8995-b14f-4548-8a0c-dc71adf305f1,pittsburgh,82,40,41,15796
7a4096ca-5e0f-4f7d-a0ec-55ae1c66829d,pittsburgh,66,48,0,7664
7bed96bf-e288-491f-989c-47b1fc6854d1,pittsburgh,128,43,18,9204
7c9fbdb0-0969-4e13-b47a-1628a17bd808,pittsburgh,127,86,65,6197
7fc6d012-f7df-4896-845d-4459a4c42e27,pittsburgh,87,63,38,13843
8859e472-8f5e-408b-a1c9-b60e62a111c5,pittsburgh,166,72,1,20189
8a82c68e-113e-48f2-9e28-1398dcc21a05,pittsburgh,234,32,162,4293
90df79df-4887-49ef-9d0d-6594e4ca5362,pittsburgh,140,63,57,26915
940bd1c9-1c18-4637-ae30-1783e367581c,pittsburgh,134,66,55,8915
9905f9d0-8ef1-4806-85c9-5d386fc9bf90,pittsburgh,40,17,1,4418
a0ebf563-d9e8-419e-bb6f-9da749440ffd,pittsburgh,149,35,1,13733
a66a5479-2c7e-4f1c-8a26-8a01db1bdd10,pittsburgh,116,10,58,1740
a66df9a4-8323-4dbd-9854-bec0ce00e092,pittsburgh,150,70,47,14086
a7c50ecd-2911-40ce-97eb-02ff5498fcc8,pittsburgh,130,29,351,4464
a9fd443b-7e9b-4303-8bf9-71206ccd7791,pittsburgh,83,29,62,6612
ae6b1b5f-bf3a-4be0-bc3e-5c19e703630b,pittsburgh,154,100,73,15091
c1b29061-ed54-4f0d-9411-085fc3bf3dd6,pittsburgh,101,50,5,10121
c8609cb4-0332-4b5f-987b-ce127ee425f4,pittsburgh,1356,950,3742,92243
cccb5520-b990-4b0f-8996-c9a68a7a9212,pittsburgh,151,107,1,23424
cd46944a-fbec-41d3-aaa5-c2bb796243fe,pittsburgh,78,48,73,13245
d08d0dfb-523f-4b81-a49d-6600ad9f6269,pittsburgh,1425,601,6026,79155
d4215e97-2b6e-4fe0-8ca3-8815039eca50,pittsburgh,161,100,61,31923
d7560bf6-96ed-47c7-9d56-2828290ce6bd,pittsburgh,81,23,91,7084
d7e22f77-addd-49bc-8674-0662cb8ebc45,pittsburgh,176,81,368,17908
de80ea16-691a-4aaf-88b6-2e11afb05b1f,pittsburgh,252,82,62,10818
e67fcb6a-7d15-401b-a25c-67469b5c1c57,pittsburgh,323,168,1995,41167
eb174bd1-51c6-4af3-82a0-5f4d269b4d17,pittsburgh,142,46,309,11241
f4476b3d-42ac-4920-9beb-99de7ca13158,pittsburgh,83,53,39,12459
f543caa2-66b9-40d8-b13b-8dd4d18269c9,pittsburgh,144,88,94,17300
008cbd61-d08c-48e0-8356-660b5c4b12c1,chicago,42,12,0,9698
01fe3ecb-5bc5-47f4-806d-fe48e18bd4ff,chicago,50,11,40,4626
05c6f609-a19c-4f33-9f4d-e2d4b7e54408,chicago,109,35,65,3920
05d6344a-3dc3-48f1-8e42-8d2cfb164113,chicago,37,9,69,3850
11d5f59b-fb63-4766-952e-5c006b081f05,chicago,37,10,32,3361
12ed97a6-ec08-4ee2-b262-bf48262d7774,chicago,252,40,5,14995
13a05897-bdb4-4d22-9290-63f9fe50db1a,chicago,197,29,57,13077
20429048-1c1d-4cb1-95bf-e39fa4c59572,chicago,80,27,171,6791
2b9bff06-d178-4a81-89b6-d95540af82e4,chicago,20,12,111,441
37ad0a81-a0ba-4d68-88e2-20cf3a8ba123,chicago,18,6,4,1758
3abde365-76c6-4eec-bcba-01fab91f6217,chicago,36,14,27,1819
3ca93bc2-09a8-41ac-96c1-4ada72269b1f,chicago,1791,397,738,86044
3e25ea1d-f762-421a-b98b-3cba36e1bbfb,chicago,42,11,210,4352
3f2b07bd-c043-4979-8b8b-ca57c3a50e49,chicago,53,10,227,5799
41adc1f7-d250-4cd2-b2b0-2628e7da5fc9,chicago,40,24,1,5332
438c0967-510c-4d68-b323-2c20b2c2ad36,chicago,79,42,142,3808
4a68735c-6f21-49d2-b074-0c8dbecc4eca,chicago,36,14,265,8000
4d0dc67b-0d9c-43bc-b815-a9f1b53b0c6c,chicago,154,28,12,9368
4eb91055-3994-4946-91be-375dd84b1054,chicago,93,11,17,5070
4f815d2d-9796-4d3d-908a-4acccf39df35,chicago,519,60,104,36394
526e171f-77e7-4770-ab2d-50ff0f18e835,chicago,178,26,26,6323
54b06865-030a-4c01-9589-d1be87bbe589,chicago,276,103,16,8126
6151ae75-6aa5-41f2-9e4f-d7480de7a058,chicago,144,26,13,6017
6166b340-cc09-40e8-bf92-02c08d1ba094,chicago,144,33,10,14306
68812d12-2f25-426b-9edc-ee7449c625db,chicago,50,10,60,3026
6ab0ea11-9cd2-492f-b750-2e83aa140f29,chicago,82,25,29,4877
6b27cdbf-31cb-4354-bea2-4dbf3b6e7a7b,chicago,61,7,55,2843
6c19dbce-e6da-4889-b90f-51c4ce2443cc,chicago,52,7,4,1176
72a5b5f8-a0b0-44d4-921e-6f6f0542e3ec,chicago,43,12,0,4998
732ce1a4-466c-4138-a7f8-9fa8e5af2da8,chicago,13,3,0,2390
74854895-0966-4df2-86a2-413bec7225fd,chicago,37,10,9,2661
74d34b28-1e9b-4c7b-aee2-2cf89e9e266f,chicago,24,6,113,1917
75f203d2-544f-4b2d-9d49-d257b0246b50,chicago,52,14,26,4519
814f4169-98a1-4afa-80da-3b46be1da405,chicago,721,259,1131,26116
81cebbb1-343f-446e-b5cb-5efdf48363d6,chicago,216,42,0,19197
82b8e2ec-e7f0-4106-a642-cc7f49855af7,chicago,199,23,6,13569
8a6334f8-1ebe-451b-a74e-d5f98a85418c,chicago,87,31,14,13464
8ad91458-8a3d-4604-84bb-72aab652940d,chicago,62,17,3,3544
94e81be1-7763-4dbd-9a30-eb50b19d657b,chicago,75,20,12,6868
952ae94a-4371-4eab-9f55-11d09899d210,chicago,896,180,663,36774
973046bf-cbaf-4ba6-84b4-5611a9a961cd,chicago,348,48,31,21016
97f8fc95-f287-4e5e-a3b2-dd0fd82c11e5,chicago,522,24,87,34739
98053cdf-bf76-4294-91bb-4acc128827a2,chicago,60,17,55,3530
9cbf022a-1c7a-45ab-8eb4-ba4080ed97a3,chicago,2837,713,79,67606
9eff1ebb-c702-4ac9-b580-b3897e2b8ec8,chicago,144,60,610,12314
9fa69d20-d5ab-45ab-80f0-ffb88009b5a5,chicago,22,10,0,1644
a0f260db-6570-4ab6-94dc-416c358503b5,chicago,30,9,6,3825
a14eead9-c761-4086-ae93-a3dab5d72f7f,chicago,43,15,16,3537
a1eb95bb-49f8-4d96-8e20-2e247395be55,chicago,20,12,83,4668
a64157bb-58a6-4f21-996a-bec599165167,chicago,265,44,257,11509
b53fe4a3-87e6-4696-a5d8-a73aeeeed2b8,chicago,31,7,35,4044
b72d8e62-de6e-4fb0-8893-f458fe7fdcbf,chicago,2429,548,3624,109005
b74db16e-91e2-43d3-ba71-f8fc30c3f97a,chicago,33,22,178,7916
b8e1865f-651f-4bbc-8752-19dae915863c,chicago,184,22,16,11443
b9e9570a-6924-4066-9e84-c61724068236,chicago,111,39,55,11159
bb3f9414-bb24-4037-93d3-ebeab1c886de,chicago,18,17,99,1765
bb767842-4ded-4850-ab16-6494fd8cbe00,chicago,44,7,0,2173
c359b3b8-1bcc-4e0b-a576-90588be16cb9,chicago,185,41,84,8606
c50a2d57-df47-42bf-bc3c-036240c9a482,chicago,48,15,141,6702
c86e9985-e279-4062-bc8e-c37791b0d7d2,chicago,182,26,207,17890
cbabe074-6e17-48c9-8737-2bf2c651567a,chicago,42,13,22,7889
d157d2ce-bf3a-482f-a5c2-df521f0f031d,chicago,143,61,2,19507
d32bb382-44e4-4268-8979-0dadbe1b404a,chicago,66,37,39,4016
d469acc4-5abb-440c-9e37-b2d0514762d0,chicago,25,6,11,2703
d4b81581-197b-44e6-9f2e-a7fbcbdbc77a,chicago,47,12,3,3576
d557c8f0-9aff-401e-81cb-c54a9b2a25ba,chicago,137,24,54,8777
db27c555-0284-487a-8e79-272c616258f3,chicago,1143,155,827,22077
deb409e6-34cc-4f9f-a677-f36b0e81645d,chicago,47,20,27,5682
e2546bb4-7be3-4fca-b214-3bc19c9db539,chicago,68,7,47,6419
e3b6686d-fb31-4307-a08a-e7661297213d,chicago,41,25,6,4726
e4239994-6d5e-4993-bdea-ee0bb6664274,chicago,53,10,10,2835
e6e3d629-d120-488a-a540-ac9574b1abec,chicago,35,13,91,2148
e900c65b-9c31-4f78-bf0f-132ecf07e533,chicago,283,27,71,21770
ea215ccb-6110-4b80-b0ba-0b8462efe658,chicago,57,17,16,4519
f7c35be6-fca4-4749-a229-4ae7855f9f9a,chicago,76,8,0,8956
fb7ecc4b-00d4-4f6e-86f7-fecbe395f8fc,chicago,96,17,103,6851
fc231693-a807-4a81-9234-1aead8e98a9b,chicago,21,8,18,2983
fd9792a9-42af-4cc2-a9c4-0de7ef374530,chicago,23,7,0,2550
001a41c7-cd74-411c-9e3f-959733a916c2,newberg,809,270,831,51020
04b21fd2-b61e-4f6f-a65f-3acbc1acd035,newberg,573,216,759,30467
0d82aef4-6e04-4716-b112-b59f8023c1ba,newberg,30,8,120,4288
203b0e3f-b84d-4444-a99c-5c8398edaf2d,newberg,31,11,0,375
25469ce5-6a0e-4d5f-a3c8-385c6b4799e9,newberg,423,149,411,8501
25844007-c551-44a1-bc86-fdcdf3de77d4,newberg,2644,893,1322,395113
25d1bc9a-56a4-433b-8ffb-82309fecf949,newberg,784,350,873,30509
25de5311-d5d8-4e60-92e0-a3f0d982afd0,newberg,20,4,304,2466
2ee211aa-929d-4980-bbc1-bc90dd2e7eb9,newberg,36,11,65,7191
2fc4205e-f7c6-4fe1-9864-abf367b85f2a,newberg,35,14,6,5214
30108385-8b67-4e45-bff0-3f8d14039205,newberg,16,8,4,4282
31a1671f-e0f4-430c-810b-b6b1c20772d7,newberg,2282,895,8403,135814
34119a60-06b6-4a72-9869-efe536f9585d,newberg,34,11,76,1397
3b651886-d44f-4c83-ac79-fcef48f28d38,newberg,62,30,61,1137
414039e1-808f-4ff9-b555-fb3481fda22a,newberg,159,43,46,19146
4a3988ee-5948-43e4-9c98-f5afde10549f,newberg,37,9,14,2827
50756c2c-1b50-4e3e-a716-396a3f18ed63,newberg,30,10,128,6632
5178da87-73e2-4871-9bfe-6ca9b3818f88,newberg,60,30,93,10476
53c06498-dc15-40c3-895c-548f3102d528,newberg,1026,426,2353,39655
5712b6ad-c467-4c08-9250-ac4f51f36b09,newberg,105,20,45,8510
5847cb73-43a1-46d9-8571-75bc60567721,newberg,103,19,0,3444
5adc13e9-6f72-4419-804a-42c0bcf1eec3,newberg,197,46,66,23615
5aea30f6-185f-4e67-82b2-b22886e8817d,newberg,29,4,0,2340
5c35be9b-25d1-4e28-b232-7fc5972e78f0,newberg,201,10,56,3824
5d7ff910-b25f-43bd-86d2-97f48be6e493,newberg,17,9,0,2194
67f3aa16-ad56-415f-9802-15edf491280e,newberg,52,21,407,8650
6a2e6c25-8f75-4375-afab-ae9793a572ea,newberg,20,17,366,2113
828a28ed-0b3f-438a-8fdc-18f2b87d7936,newberg,18,9,0,1250
83409ab0-2e67-41a7-987c-b3d09ac4d4e1,newberg,10,6,0,1744
8415a483-a9ce-43cd-9d11-4baaa6fc65ce,newberg,1949,602,3010,58800
84715d5e-ea12-439a-aa2f-053b591a45e9,newberg,455,136,569,8709
936dddf6-24a4-4706-b20f-1b8bddf0afe9,newberg,272,20,1,5693
941d275e-d2b1-438c-b445-9fbe323e71d1,newberg,424,189,2643,26921
9bcc6e2a-2743-402a-9dbf-2da31914af0a,newberg,60,6,364,1443
a050a3bd-6dbc-4110-87c1-931ab23ef243,newberg,2386,845,6413,383804
a5e38991-dc2f-44df-9968-d63a2916e413,newberg,513,209,572,11705
a64b22de-3318-4227-83c7-0763e5a4183e,newberg,43,18,0,1402
a9715657-11d9-4a7c-8925-3a71f6882af2,newberg,23,11,247,5758
aa0cf6d5-177b-43e6-8a87-1dc1010892a4,newberg,15,8,4,1177
ad1c7e12-e199-49e4-bc91-d010d3d27145,newberg,17,13,0,1958
aef4d0ad-1ff7-4af6-a0be-e616460441d5,newberg,38,13,7,672
b42e6096-310c-469d-b180-b86bd0b1764b,newberg,77,23,0,1137
b66ee22f-d58a-495c-aeb5-ed809b962a6b,newberg,21,8,214,5250
b6aafdb5-4aed-4f55-a932-a5bc8f737444,newberg,91,19,169,5140
b6efc188-5a25-4878-88ad-fb58057248d2,newberg,24,18,2,6025
b6f88c9c-74af-4c53-9bf4-01450d3f7dc3,newberg,9,2,11,1778
b97ede28-2904-4438-984c-69ce107166c0,newberg,98,46,207,38756
ba1bdc22-2a12-49b1-ba24-cfeb8a4081f9,newberg,41,14,2,2472
bb4af167-9be7-414d-a1be-b712c6a1a7a0,newberg,25,8,43,3065
bb753694-ed5b-4c88-b26d-0e58c7b31119,newberg,16,10,0,6210
bf66138c-6ecf-4bea-8b0a-7485b5b171e9,newberg,1423,456,1885,47690
c020bbe3-b92b-4119-ba27-8b99c55782ad,newberg,21,11,6,4277
d363619a-53e1-4ef4-a541-bb0278cae7c3,newberg,2597,1300,9538,169155
da791c10-a7d0-4653-9653-0abc1ef1db57,newberg,59,10,306,9350
e9273525-f0ad-442b-ab53-ec3fed09cdff,newberg,983,369,1192,32747
ecbeceac-f169-4ce4-8766-361337a70573,newberg,16,3,19,1376
f13fe08b-47c4-49c2-b128-21c6c04948da,newberg,34,21,379,10296
f3115ae6-221d-4ef1-b73f-0a01e4b41e36,newberg,63,13,379,5504
f51f44e3-5bae-4413-b3c5-6f28e39669bb,newberg,87,8,46,1955
fc36440f-38b7-4060-892a-65fedd77f651,newberg,459,110,487,20839
058ca740-44c0-42ca-b90a-1b731a81a8bc,columbus,111,31,138,4467
096c0650-840b-4992-9bc1-12577fb68c8b,columbus,247,61,135,25902
0998cbf4-0fae-4acb-9621-c2a3f534403b,columbus,50,19,50,4037
0a0340d7-bd95-4d95-9abd-9b5d896be2be,columbus,96,33,226,3988
0a60b1ca-59a2-4a35-99f5-651a29e479f3,columbus,296,69,266,33209
0d450318-cec7-403e-b5d1-05cefaeaecd8,columbus,606,164,17,47777
11e3b478-1cb7-4f2a-b801-06247109286c,columbus,462,114,851,50381
139cbb5f-a6d6-4d1b-bdb5-3829cd5ddd9a,columbus,19,9,74,2673
151b2aca-6de5-483f-af90-0de10449060a,columbus,268,82,482,34013
15323f59-7373-4b82-843c-e80bab81a46b,columbus,72,17,89,7661
162b0d5c-45e2-4132-820e-405d53af9c6a,columbus,13,4,0,2867
206babc6-f877-450f-8eb7-d8bee3146702,columbus,17,6,0,5598
240d87e8-927b-4d26-ad67-3c1408e2e705,columbus,44,14,18,8746
24b9c945-08fe-4392-84a3-1066a5b633bc,columbus,38,17,22,2458
2928f5ec-4a8d-42d2-84f9-252771e359da,columbus,21,9,5,6011
29576e78-7d11-46a2-902e-51b7a0faeefb,columbus,257,117,275,23556
2d0fda37-89ce-45b5-98e2-e4a4ac6a0320,columbus,922,78,71,55797
2d2a4eba-68a4-46d7-a583-6a6b7e44e897,columbus,61,12,4,5879
2dea598b-f778-4c2e-9527-6aadb01dae01,columbus,349,131,133,43192
33b88894-45e4-46ea-b15a-89c6f046a605,columbus,26,9,0,1895
33fa5c91-b1a3-4c11-985d-d336a2612394,columbus,29,11,2,2267
358083c0-7a44-499d-927c-a643f15fd017,columbus,8,6,184,2477
397eb14e-fa12-4451-bafe-df3daf2b54ca,columbus,190,43,376,12853
3a384884-1f7e-4d76-879a-eff0afa0beaf,columbus,198,11,2,10262
3b67ce16-171d-44bc-8a0f-35b8fcd84296,columbus,11,8,93,2223
3c38ea4c-4b67-42be-84a3-327c277ac200,columbus,21,14,1,5942
3e89bdad-1bf0-45db-81fb-05c90ab2c415,columbus,35,25,13,6277
3f025fb8-8f0f-467f-aeb2-eb842c999720,columbus,88,19,2,4308
4075edf6-98bd-4938-a072-d09b059645a5,columbus,24,8,138,1413
414ea909-3b6a-4bcc-b078-f90f311b6d7d,columbus,11,4,0,2191
41ff3013-b756-4bc8-9c74-dcfa74e64659,columbus,47,27,2,9575
44045ecf-fbc9-4029-ace6-3bb81de77ffb,columbus,156,31,74,10479
44e1889b-6087-4570-b51d-9561c9607978,columbus,135,41,213,14396
46118cf8-09ad-4d76-a0a2-73cf697c460c,columbus,1786,376,315,69725
47ad265f-32ed-4f13-917e-eae097d5163b,columbus,16,13,156,9846
490a568a-16ef-4b83-ba96-9ab728aa8f4c,columbus,801,475,1279,35492
49360e12-bbc3-426a-ac19-d33ae5a3eb1f,columbus,56,20,211,2632
4d5d1a9f-e33b-415f-ab68-bffd25216333,columbus,80,31,82,4089
4e8e59ae-b749-4a27-9283-05d9e0d49434,columbus,87,48,356,10949
4f9a7612-2dac-439a-8ea4-46eec3a713db,columbus,61,20,130,12179
5150f238-8f9f-46ff-bf30-61651e05d8ae,columbus,220,56,47,25386
53f51adc-62fa-49a3-aee7-80ccaae9e7fe,columbus,122,40,1083,30510
56d5a77f-a7fb-412f-a476-d0208dd192ff,columbus,60,25,7,9221
5abf54e3-9780-42ac-80b9-68b094878cb0,columbus,55,17,25,9443
5d006efa-ee1c-46dd-9606-ad59c6573fad,columbus,2431,659,935,123925
62b3a333-7cef-411b-9b50-d51daf1cfcdd,columbus,12,3,0,4807
63f703d6-88bd-47ea-8913-5aecc0268458,columbus,74,44,705,11486
64bb524f-44be-4cff-8c96-3b213dec90be,columbus,253,61,287,5107
6839fe6f-d004-4c0a-81cc-bbf894915516,columbus,20,11,41,4496
687410b7-a59c-40e5-b43e-a7e075d7725b,columbus,34,8,157,3759
69aac628-a9d7-4f61-9a76-6ce500528988,columbus,42,20,0,4276
6afbac7c-ea50-447f-90a5-5e6aa27dc36f,columbus,50,11,35,7947
6bbb08e6-ee17-4c81-af92-4e5340619912,columbus,86,27,4,12340
6bd00064-d2d5-4074-b725-a6187ba2d060,columbus,18,4,4,5042
6cd6e7e0-4404-487a-947e-d27509bd073f,columbus,109,37,99,21490
6cdf9d2c-61f7-4023-9d4f-5a558a5fe932,columbus,1214,604,2669,91566
70cd239b-0c28-49a1-b70a-936f07cbf2ba,columbus,53,16,22,8310
72016aaa-ec06-4f8c-9cf8-af8e68d07e6b,columbus,3,2,0,1516
7607fc72-8cc1-47f3-b72c-703d5b5aeb5b,columbus,756,203,56,29660
76ca7c57-1779-4c7c-85e9-e27e6c30a42d,columbus,43,28,210,9228
77d09d7f-a9b1-43b4-a2cc-8958be373a05,columbus,14,1,9,1824
787d4ea4-2003-434d-976e-fd71b79db650,columbus,15,6,6,9564
796cd84e-c15f-491d-8d8c-6ecd0ba103e5,columbus,17,7,50,1347
7a1e584f-b1dc-41a7-9144-1ce00003910f,columbus,1329,239,1308,59242
7aaa7b7e-d72c-4cf0-9889-7c2d2299c49b,columbus,111,68,1654,7872
7ab6a882-345b-4a1b-a132-75f74a9ec31e,columbus,91,31,94,10375
7b8c03f9-5d23-49c1-8e8f-f2e862193b23,columbus,531,312,13,66094
7c811136-cc78-46c2-8bc6-1f87fc071908,columbus,219,54,245,20533
8097dc35-713c-4ce9-9921-8c652e001727,columbus,37,8,50,1730
80a19318-141a-4cea-991e-da865728760e,columbus,104,16,60,1056
81a0e14d-720a-4828-8cd1-dfe548a04eb2,columbus,157,76,266,17602
8344c302-084d-4ec0-a5d9-cccc54fe4292,columbus,29,17,33,2473
8689d0d3-0dbc-4fe5-b3be-25e31d7dc4c7,columbus,1980,409,3512,93540
8e6b131f-17e7-485c-9314-ca5a4fc9f580,columbus,21,4,0,2760
8ec6402e-cc6e-4e4e-b652-21c579d5ce93,columbus,91,19,0,9369
8f1deba6-6c49-4660-b11c-80c0ea2abcd8,columbus,67,39,210,9156
90e82ba3-04d6-4ad0-be76-3fcdd8f11f1b,columbus,122,37,78,12879
91a21738-b75d-4d8d-992b-95f64b0b1831,columbus,44,19,587,8771
9236bc61-60ef-4d3e-8a6f-f1679d3d71aa,columbus,1528,390,21,65787
966e6872-dae8-46fd-b649-32ebbba3c203,columbus,191,46,183,25287
99365ef9-a45f-44fb-be16-db237f14c6d5,columbus,60,39,172,10764
99460835-7662-497d-877c-989dcaf1019b,columbus,17,8,78,3573
99c61b9e-7c54-495e-9582-7939ed9cc73c,columbus,238,91,32,8975
9b0bf314-075f-45de-8ba5-268c50fd2b42,columbus,56,13,178,13459
9c625825-501e-4ef9-beef-da88e69ba293,columbus,36,14,231,2412
9d616b57-535a-4fc1-a4f0-ca05871cc542,columbus,11,3,0,1987
9eca3d04-f528-455d-876e-346648ddf79e,columbus,140,32,0,9997
9f908df0-c9cc-4a3a-9bc0-b48521daf1c9,columbus,9,6,8,1634
a4e539c6-693c-478a-94fa-d92de7b4ca39,columbus,72,27,5,8833
a6b8ddb9-1f35-4c66-89e0-e230e2d8db9f,columbus,497,235,3576,27472
a705ab31-149b-4412-8b18-28cde1dfce0b,columbus,21,10,14,4413
a7451593-c6d2-4701-9b48-5013d1ae5577,columbus,74,29,0,9150
a82b57a4-2b61-44ba-a3d8-ff3415cee0c9,columbus,317,65,0,10569
a9c8cf89-e859-40ff-8bda-9c3ba1522ef2,columbus,153,48,146,37470
aa6eddb3-d2ef-4dc8-b041-65d55cdc2f81,columbus,316,106,1502,22641
ace92302-8643-4e73-ac68-e48ceb6f80c3,columbus,81,33,20,7548
af374126-baf4-4b15-8d29-62cdbee71e62,columbus,19,9,84,2002
b0e512cd-7df2-43c5-b0a7-8264b917efe3,columbus,360,144,196,43457
b1697bbc-ab09-4839-ab8e-eeb6798b7379,columbus,222,59,5,17376
b2c86ec3-cc00-4ee0-9bd4-72b6836cb935,columbus,3219,1713,15894,216116
b3266a47-9a43-41c1-9ec2-ce0dff1b5a11,columbus,111,43,1,17157
b930e14d-51d2-40ea-b623-094ce61f9d0d,columbus,224,42,7,20774
bae17209-0c87-437f-b46f-826ac24d7173,columbus,56,18,583,8294
bb2676e1-4ecd-4197-9b70-a8b8776c14ca,columbus,62,32,0,12859
bc6d0b80-1bd1-4730-a211-62112f720201,columbus,2091,954,513,187876
c3f6bf5e-5427-42ac-8383-ec0e1e2b1c87,columbus,104,65,0,24890
c4b2284e-7e04-46cc-8d8b-4a13241f7cbc,columbus,344,78,296,17560
c582daff-fd4a-4429-b696-b43d7a54e1fe,columbus,28,15,36,3487
c71b4c8e-d548-4cf6-901a-23c773ac9cc9,columbus,53,26,313,19053
c941d776-d191-4855-acb5-e7362a7a0725,columbus,171,61,249,29566
c977aa89-137d-4818-aaa1-b8ceed264133,columbus,2181,757,489,138272
cb87e723-93aa-4d99-ab1b-55b07e8124ef,columbus,38,10,74,1303
cba5572a-5812-4e18-ab3c-ce28d3e89ec9,columbus,974,487,1332,156049
cf36b9b9-9c77-473b-a152-b3b47d8d3db5,columbus,30,9,222,2649
cf3758c1-a330-4455-9496-254199bb7f2f,columbus,347,127,54,29589
cf44d1aa-2bd2-4886-a154-1419ef6e1213,columbus,34,6,96,2906
d191dcf6-ed4a-486d-9700-6f70482ef1e1,columbus,135,39,71,9989
d309d6be-2bf7-464d-9cc0-583bfef246eb,columbus,256,40,213,30929
d343047b-6e79-4558-a96a-9a919bcbfdcc,columbus,161,79,382,23348
d4c3cd86-f7f6-4300-8b43-dc54013bf306,columbus,45,15,8,6427
d50298fd-7060-40cc-a808-ed99fe46ad73,columbus,233,79,944,23652
d50cc5ac-ccbb-4df0-bd6d-5021c696f31b,columbus,604,170,1079,43307
d720fe9d-93d0-4220-aa61-9fc15c0a72da,columbus,176,67,293,7398
d95faffd-998e-492e-bc69-cf365d1ed41d,columbus,66,10,161,6151
d9bbf1ea-dfac-4802-84a2-ce5259ffb38d,columbus,217,107,550,24363
d9e68723-49de-4b5d-88d6-e88c13b318ae,columbus,195,75,160,21178
dae9c525-78d9-4113-98b3-efaedd6e6cc9,columbus,1806,739,771,118419
dcd373e3-4b0b-43f4-a1db-0bf0e98bb80c,columbus,128,14,6,7068
df1cd73b-c79d-4bac-86a6-d4a775c5089d,columbus,80,16,64,3716
e0189f70-ae87-491f-849f-fc0dfd868fac,columbus,113,53,110,16808
e2e52e31-8abc-4f41-be65-fc3accd83cfa,columbus,20,7,1,2447
e4e61654-8a76-4d9f-a7b5-10c30a1bb17b,columbus,39,14,21,978
e6410fb9-8741-47b7-a6ed-db990043bc85,columbus,656,237,813,72811
e67d6835-664c-4731-9254-f6461afbd3b4,columbus,192,44,240,23714
ee82d981-09f9-48a1-8c1c-d402c8980e0e,columbus,55,18,76,3216
efb21bbd-562c-4b1b-948b-bf9a307b76ae,columbus,95,37,11,15786
f224585f-8e79-48d9-89a2-90422ebc6550,columbus,78,20,62,3091
f276e210-0378-47d6-9f11-702ef4e4782c,columbus,35,19,71,4713
f34de60c-1bb6-4685-a7c7-c2aaffaed0c7,columbus,32,13,0,2774
f38c9d86-5cd1-4614-b61a-d57693566b64,columbus,57,25,71,14956
f718a182-6312-45fd-a402-ce16b7931b06,columbus,91,24,10,11647
f75966e0-eff3-48c2-b3ef-77c2c895f2e2,columbus,32,20,9,5622
f767684a-d206-4aec-90f7-1320cd5b15e4,columbus,142,29,3,7224
fd73de2e-ad72-4570-abb8-8caf1643f234,columbus,11,7,268,1134
01185ee9-be8e-4154-abf5-1d823b639756,cdmx,301,98,142,25174
0232f5a5-79c5-491e-bd54-9b4577fbfe4a,cdmx,41,8,23,9779
028bda7f-202d-4860-b057-4fb3e2e3b0e4,cdmx,673,140,138,30861
03fd95f8-f226-433b-b5cd-5323cd34f727,cdmx,41,18,49,2661
04966d94-c80c-4594-a4f1-1a4a5a5b9f11,cdmx,49,31,3,5691
068b9623-722b-4b17-9c19-148ffdc1f3c1,cdmx,679,256,250,46701
08434ab8-be13-42ee-8b46-85cb1345fd32,cdmx,598,99,74,18813
08c178c6-120b-44c3-883d-65538e54b5a3,cdmx,72,47,95,13098
093d8cfe-e2b3-4d65-9e0d-d4dc5e979963,cdmx,36,26,71,3259
09edceb4-cdd3-41bf-afea-230518371efe,cdmx,195,37,12,4890
0b12140f-80f6-4454-80d7-46b7abf0653f,cdmx,91,20,91,9668
0b9eb459-3e26-431a-817d-197791a95297,cdmx,204,98,89,28323
0c06c76c-e9a8-4707-9dd2-097c47b26919,cdmx,816,194,693,103399
0c2dc684-1fc4-488c-921f-cffb09a37550,cdmx,19,4,4,664
0e836ef8-a770-42b2-b61e-989696052853,cdmx,578,81,9,32070
0faafe5e-0ac6-46b8-bf5c-3743ad8b9849,cdmx,292,172,1752,43233
122f89a8-5a21-4f3a-b304-13cbbcbc0b30,cdmx,14,6,26,2754
12651819-2c9d-4935-b9c0-a9964580962d,cdmx,210,46,314,12441
1367aa4c-63e2-4870-a2db-2d95c978a961,cdmx,2630,777,185,117248
1665d830-df2a-4b84-ad8f-2508bb659f83,cdmx,234,27,120,8401
1c36a53b-2bfe-484f-8b1a-7d2aea410528,cdmx,378,135,64,13842
1f3786df-b424-4092-932f-1e27161a0215,cdmx,19,12,2,2433
21b830c8-452c-479c-870c-6801b3af2a95,cdmx,309,104,51,26865
24746c70-a468-47b3-a27a-499bcee50248,cdmx,941,202,667,16371
24d0dedd-3752-40e4-a843-1f9fef100821,cdmx,34,15,0,2225
257432ee-7dfa-4c0c-94b1-f7fac7951db3,cdmx,28,11,0,2888
2638a22f-22d8-4cb5-8166-83fcbbd6ac29,cdmx,216,102,854,14155
263b0a84-7f5d-4267-ae9c-93c933b3d6fd,cdmx,160,45,60,13558
26bff66a-4f99-448b-8115-8851c9fd99db,cdmx,36,29,2,5230
2726c177-f8f0-44c4-aad4-bc2055099c2f,cdmx,352,138,2035,46031
2df0aed8-e95b-4199-9a9e-94fbd07cc307,cdmx,22,16,68,4168
2e6f45eb-f552-495f-938d-6e139616398b,cdmx,490,129,154,27110
318f666d-0d70-4eb6-ada0-8108f9fac7fa,cdmx,239,54,82,12412
32ede9ee-3832-43fc-9991-0f463b497f9a,cdmx,360,41,144,22620
35c56f59-5242-446e-a8d9-f59ed7f4808d,cdmx,26,9,3,4240
3976e7bc-0f0b-4573-a985-b8866c35b213,cdmx,1072,246,992,155535
3d36f0cd-3917-4f2c-946f-217b37391bce,cdmx,395,128,122,28334
3e942b1c-9eeb-441e-b481-5c3d8ff8142d,cdmx,326,55,144,15409
431d2357-f9ad-4960-a59c-4ee549800f99,cdmx,180,105,100,21865
45b37cd7-528d-47ce-875e-6e996d98f8ce,cdmx,144,60,56,18574
45e94804-211f-43c9-9b1f-d44d0a9103de,cdmx,593,146,113,23233
4661de30-50dc-4d47-8b4f-e41fbda1c227,cdmx,252,49,35,26251
47522aa4-993a-4aec-b37c-cb082bb59562,cdmx,136,51,372,18038
47fc50a6-3a10-4e55-ac13-115814bf4e31,cdmx,127,67,562,20494
49b07be3-4134-4c18-a93e-8515d6bc792d,cdmx,648,292,313,34757
49b630da-278c-4d23-ad24-66ec679b5fa6,cdmx,632,220,27,44833
49c6b727-874b-42f4-8997-eb4257332f8a,cdmx,233,118,42,10959
542bb2f5-5fa6-42fb-ba82-eeb40b470c08,cdmx,27,20,40,6344
55004618-30e1-45c4-be16-a0038bd628f0,cdmx,121,72,1818,16945
5593e320-2329-4c53-8d8e-104687c14486,cdmx,18,9,16,1146
56ec81f0-8579-4802-9538-52a2b0722078,cdmx,182,42,70,7266
579608ea-c8f8-4d38-8602-9904593c1a79,cdmx,325,130,79,12359
58f998b4-71ec-4a53-8cf5-a77b4273afc3,cdmx,18,5,105,4504
5a761a40-f10d-44c0-acb5-a13ebe8fcf2a,cdmx,23,12,18,4762
5ae7c861-d0fb-4ab1-94f6-20a9e7d7f2fa,cdmx,784,480,642,43682
5d537e9d-ff40-44a5-981e-5ade0c0ab938,cdmx,163,36,388,6182
5e44afb0-e315-4154-a07a-dadb14e6de17,cdmx,251,162,208,28439
60df6a8d-eb3a-4267-9ef1-73f230361394,cdmx,43,24,141,4442
614bf2bc-d241-4896-bec3-65b12a878870,cdmx,31,8,1,2814
632d717a-ff0e-47d0-b1e3-e40fd499d8e2,cdmx,144,14,51,7569
632f3e55-c933-49c9-97bb-6e41d19da77f,cdmx,136,88,393,22960
642abb75-c760-4767-a447-7ca89e54f197,cdmx,151,71,352,36432
64e4f021-fe9f-49cd-9c77-b38afee9d70d,cdmx,207,108,159,10958
64f9f5ea-e7fa-4cf6-9473-ca3e0dc5c0bb,cdmx,217,76,102,20173
68596faa-b852-44b1-9f49-ad9aec865cc8,cdmx,309,62,0,12486
68f436bc-19f7-4ede-baff-a91529b7ccb8,cdmx,418,35,167,26343
6e8e5936-82e2-4863-bf2f-df650f970c1e,cdmx,455,154,660,60946
6fc3fa08-f213-4706-962d-75f7173d274d,cdmx,282,93,285,22617
70635f93-0335-406d-891d-74e3a2febea7,cdmx,16,7,0,1436
70aea408-36c5-4552-b698-e5cb3e472ae9,cdmx,678,315,136,41976
70de80f4-045e-4d59-8ffe-700094e738f3,cdmx,14,6,38,3947
7102f353-3693-47cd-b2a6-aa9005b08dfa,cdmx,15,12,0,1741
780a824c-6dd9-4f31-b6a7-2c916150aeb7,cdmx,281,49,41,12240
7a6fb561-33d0-43b1-bc65-c88970d06358,cdmx,657,189,200,35313
7adf05e6-3b05-484d-ab97-515710fdd649,cdmx,4,2,0,1654
7bb2986b-b772-4d70-b117-6e3703b4ee00,cdmx,793,261,470,62360
7bcc4a53-3fac-4098-8123-6293321155ae,cdmx,20,9,10,2069
7c2ed67d-0131-4117-850e-18d6c675dd2f,cdmx,105,72,266,24508
7cca9ed5-1059-4033-ac63-d50efcb9a78e,cdmx,705,217,146,48488
7ce363be-aec9-430c-8998-e927b3f47e75,cdmx,155,40,31,9962
80d3e97d-d835-4aa7-95eb-87d0872139d2,cdmx,117,41,93,9280
8107b0c3-f506-45c4-b51f-53b1f03f2fbd,cdmx,67,30,173,5486
855be2e7-d894-4e2a-8a8b-c9317e18070c,cdmx,544,193,31,30639
86f020b0-0684-4ff5-8527-10907782a75d,cdmx,136,107,22,4123
875099a0-765c-44cd-85e9-599f95a4aa33,cdmx,272,82,91,7882
87d830b1-2062-4541-bcf8-e86d4f3e1b52,cdmx,20,8,228,5460
89adbaf5-ad83-4d5a-ac13-467ecccc6fc1,cdmx,579,190,741,46571
8abbb3b9-c08f-4c5d-bf30-66724c21d6f5,cdmx,204,24,94,15533
8cac96b6-6339-4645-87e0-a9182b54f3bf,cdmx,239,91,14,17933
8cc34b18-a854-456f-8f0e-9f20b0b1694d,cdmx,124,13,0,9206
8d8600eb-c514-40bc-9b08-9f35e23c5993,cdmx,48,33,183,3655
8db9ac09-def5-4c41-936d-d14ac6b162cd,cdmx,697,370,462,34806
8f6f2b72-41e4-4d1d-aafe-bf2bcc2850ff,cdmx,15,7,12,1099
9283a991-96c5-4da7-9617-db2a299e77de,cdmx,808,52,167,52925
92cbe359-45e6-4b42-9770-12d9f097086c,cdmx,162,70,323,8165
92ffd90a-c988-442c-8779-60fda1edf2f5,cdmx,405,217,41,40363
992fbd04-937f-4ee5-bc5b-9b4ed879f68c,cdmx,255,118,109,18791
9a1d9609-7198-41c5-a581-27824e176338,cdmx,15,6,0,1268
9cc2aeca-d6d1-4034-9a3f-bfdcc661ebfc,cdmx,357,53,78,14841
9d6b12df-8cac-4eb3-9e82-64988d568ad2,cdmx,513,64,367,19658
9da36e14-7d56-4999-9ffd-9e842918699b,cdmx,460,109,70,36378
a4d4151e-4919-42fb-9816-c5688d046360,cdmx,185,38,14,3485
ac8218a5-6493-44f4-ba05-a4582584d866,cdmx,547,93,58,57926
b03fbaa0-1549-4279-a732-eae2dd4e0680,cdmx,272,56,237,14481
b41a5996-7975-4865-a67a-196589cd687d,cdmx,720,358,279,60482
b4c61d9d-1d8a-48ae-b505-069a458a975c,cdmx,19,16,816,2586
b7f85a9b-b222-4b6b-9e0e-d05aba524788,cdmx,661,255,267,72604
b8ad7b6e-75fc-4189-aa59-dd320183b9c0,cdmx,142,21,21,17910
bad5d229-eea4-4cc4-a9f5-ad658bc9d5b7,cdmx,18,7,0,1408
bc2920ef-6014-4a44-9628-583fc650d52e,cdmx,377,184,18,12295
bc9789f5-1c21-4720-bc59-0b2f7325f121,cdmx,567,248,124,13416
be1d15ff-2b8c-4d7e-90bb-47e88cf32f4a,cdmx,27,12,112,3657
bf718806-7ad5-45d9-9c65-68c236de3946,cdmx,167,34,57,22231
c08ab119-409c-4b26-9bdd-866052119e3a,cdmx,18,13,27,2868
c173e908-92f7-474c-bed4-f52f532c125a,cdmx,503,39,3,11274
c1c83f10-1531-4076-8a6a-bbead8a7f23c,cdmx,125,18,66,14426
c23a3cdc-e2ba-4b09-8ab8-34f52acec9e5,cdmx,50,34,16,8854
c395aaac-73c3-43cc-ae9f-5d9757da0602,cdmx,723,341,448,40242
c463f35b-45b3-46fa-aab0-b1f2727318db,cdmx,12,5,26,1848
c5dcc5bc-2527-47e7-b41c-d0c0b1b905c7,cdmx,373,232,51,31754
c6f3117c-9e97-4b06-a3bf-f9cab61276e4,cdmx,53,23,211,6730
c79ed3b7-45ba-4701-bac8-1490c8f5c0c5,cdmx,259,49,116,11314
c99bbd5f-bec9-42fc-b034-ee26134524ff,cdmx,51,21,2,4030
c9b6b86a-7210-4fc0-b1cb-58c4a9f50870,cdmx,532,183,166,18710
cab0c331-d988-4551-8818-deb27a2a40f8,cdmx,10,8,0,783
cb23159e-b73c-4ac0-9f95-eae495722942,cdmx,23,8,0,1668
cd8e709f-7c95-438d-9b1b-72f1efb449af,cdmx,380,130,11,51881
d05c0542-1c7c-4dd5-8358-a919db3b0a56,cdmx,42,18,162,8309
d1bf0f56-7f37-48da-b17c-0d962a5f8530,cdmx,202,21,88,16283
d1de3474-4478-45e3-818a-05e0b7343dbe,cdmx,694,156,20,42724
d3ad268d-17fe-4150-a23e-88de47e6446c,cdmx,164,74,87,19888
d642d61f-1142-433a-8a57-aa652efc3c75,cdmx,22,13,12,1900
d9278200-e9a1-4b3d-ad62-5f91d4ec67e1,cdmx,104,18,42,19480
dc546b14-1819-4689-a0ee-70e9905a9ac2,cdmx,146,93,0,21754
dd37a678-d7b1-4b8c-af29-4c69ee651baf,cdmx,169,104,208,7204
dfd2abbd-f5c1-430f-b3dd-a59c8bfc0c6e,cdmx,17,6,0,3931
e0271bbb-43f8-4797-a233-b0998e5adee3,cdmx,175,34,8,11261
e3ad768b-5867-4c9c-b733-d05ac77add70,cdmx,6,4,516,824
e63ac5ea-db9d-4266-8790-4a25679c3362,cdmx,319,71,46,39064
e6d19c2f-36e7-48b4-ba82-149946fc9f6e,cdmx,408,47,27,10314
e90cad01-3a21-4176-9064-cf85b417d650,cdmx,994,262,193,51714
eaac2f4a-39b3-4319-8317-bf1b74030c34,cdmx,303,24,18,16699
ebefa918-3e85-4d4d-9b2f-11413b44bcb8,cdmx,26,9,16,4302
edfaa79f-ccf7-4029-8f9b-61237aa98560,cdmx,913,153,19,45969
f019a5f3-abb7-4e7b-aef6-1751f8f36f1d,cdmx,1141,468,4395,107905
f0b5c32a-ea9b-4201-8f61-b139789239ad,cdmx,180,118,427,58087
f157e40b-cb36-42e6-af55-491b96881c93,cdmx,521,75,0,14285
f1c1480d-bf0d-4f91-aa7f-e491e7e77176,cdmx,2377,1081,2530,146092
f30b2612-3a70-4549-905f-3c168d4dcc78,cdmx,462,176,120,30576
f930b68d-4f92-45ca-9ccf-0c5f98d630a3,cdmx,672,178,279,34526
fb418bf0-ae14-4bec-8077-85a2643b2169,cdmx,483,188,108,29811
fc3b7f44-3f49-44d9-8fae-4ea83eee6347,cdmx,161,36,42,5810
fc4bf83f-9007-4fb8-8faf-2768f5357b1f,cdmx,538,164,88,26694
fe39c951-7262-4169-b6ec-05e0c9f47130,cdmx,50,41,336,9947
ff3e7a7f-ec9d-41f6-92f5-c22b0237f4c8,cdmx,184,77,124,11798
0028e944-25f6-4b5a-940b-1c9a1b91ef86,spgg,22,11,34,3217
01258eb4-e987-48e3-86cb-dd8b79790ad5,spgg,1103,609,2601,118011
017da950-83a9-4d0b-bd51-5c3379d24265,spgg,225,194,201,25660
02b45962-11af-481d-9e45-05688ff3a507,spgg,33,11,11,6749
042d17f8-a36a-49ad-ba2b-27488152bf26,spgg,189,64,29,18036
0431c5f1-b187-48f4-9b97-a69e2a3f1d36,spgg,94,31,9,5602
0437d85e-da6b-452e-a672-647a8f246c45,spgg,95,82,7,11155
04eceb2f-2de5-4f3a-b570-75c65ba54fda,spgg,1215,575,1001,100795
05022007-8b1a-46c4-adcb-9ad78b73bfa8,spgg,37,21,46,4263
065854f6-c4e0-4f14-85df-2c9e1c515aca,spgg,174,46,247,14964
08b3c832-ca58-4118-b967-bdb2c6a1a73d,spgg,128,110,212,24311
08c38cb3-0845-49c8-8a45-a53c8dbb33fa,spgg,29,16,81,2501
0a1f58ed-812d-49f5-b0e8-b2f9619fef5e,spgg,2801,784,79,147287
0a82ae1f-cee3-4e23-8038-c4e407bad89e,spgg,774,86,992,22030
0e52bcdd-10f3-4982-8dee-e5c55071fd89,spgg,1760,718,223,81510
0ec4f578-4c6f-4c13-8dcf-ba875ab7cdff,spgg,7,6,0,907
10bd8507-fced-4950-9ff9-95b25215b5b2,spgg,10,6,32,1426
10c3bc67-63ba-4757-bd6e-db02c471ae6a,spgg,77,12,22,3109
118a2f41-f600-4ac1-8d29-934a4d142d1d,spgg,1133,419,86,85705
12032b15-c76a-449d-8368-e9bae8b5fd71,spgg,1087,610,21,111248
12f378ad-6672-4df7-aeb0-8b93194f885b,spgg,2897,890,754,158592
160b7b95-1bfc-439b-b730-b63e022845f0,spgg,168,18,4,9212
176045c2-bcac-458d-b2f4-245ff355719a,spgg,95,50,252,21704
1798d2c6-81bc-4e8f-b5f6-27ef7d2ee4f3,spgg,575,342,49,35453
19237c94-8e84-41af-be16-614f6afb08f9,spgg,19,8,128,3633
19556bd5-5c41-419c-81bf-dbb34176a674,spgg,22,6,53,4050
196339fd-e315-4cea-9759-e42fc4e30024,spgg,1252,468,35,88121
19ec9f6a-94b0-41ae-a9cc-ac9adbf5d2dd,spgg,1093,461,207,72715
1a398b00-e9cd-4a8e-8cd2-e9dd261e5e63,spgg,770,175,155,28431
1a441a86-e106-4fb4-b985-3394b21c697c,spgg,876,342,7,37764
1b887aaa-0bc2-4d20-85f3-203498ec0da3,spgg,19,11,4,4332
1d27adc6-01e9-4d7d-8411-3e0eee2ef634,spgg,17,7,15,2710
1d7989a3-28ef-44e7-bed9-88a3b2082c61,spgg,1257,364,0,106529
1f89f552-11a9-47f3-aa4b-31686ef739e2,spgg,479,176,160,25198
203b7394-596c-4ac4-8f6c-8dbe9672ed81,spgg,18,6,1,260
21987e3c-ed83-4443-8830-7a2492c91771,spgg,217,108,86,34472
21b5b4ec-cf38-46f1-8a18-2b950399dc2d,spgg,611,488,146,77930
232ee8b0-ed78-41ba-8d50-70a1716e0af0,spgg,563,353,190,67191
24fa2e41-241d-4158-b056-d37f36514234,spgg,18,12,0,5301
2582c496-ff55-4af9-b200-1f3339fff950,spgg,1093,438,110,53275
25c5ae85-1d54-4f56-9169-a9b8defb0c6b,spgg,258,143,570,15201
2608c2e5-5c0b-4c62-a0e3-f93220fbe6eb,spgg,88,34,79,14892
26e6e0d0-aabb-4efa-9664-f351695fae32,spgg,1077,313,50,113273
278376da-7fa6-4e5d-b9c9-57aab1e50807,spgg,594,265,1,26559
27a45a3a-07c3-4439-9cce-2ab099959e28,spgg,18,4,0,2234
283dfc49-657b-40ef-8cf4-c5e10e2f5923,spgg,16,6,0,3727
2854cb12-0fd7-431d-b54e-40c0497f8371,spgg,8242,1575,1224,426488
2935f048-637f-4fa8-abd7-92a07019da4d,spgg,14,10,3,3782
2b2f2c62-1df0-47d0-af8d-2b8be7fd0d4c,spgg,102,71,54,12755
2c2de0a1-be9b-4d5c-9113-e90fbe022cdb,spgg,17,13,69,3464
2c32970e-f280-466e-ba43-51447a55397d,spgg,25,8,297,3311
2d54f4a5-cc55-465e-a85b-90de7b54d35e,spgg,13,6,34,4319
2d98b668-4ebf-4f50-b693-8b0d6a2109ba,spgg,211,137,87,42150
2daee516-1ab6-46ab-9f21-b81a5e815925,spgg,26,12,233,1083
2dd736a2-c17a-4f89-9410-85cb524c6d60,spgg,92,13,0,4340
2f4b379a-8fb7-424d-920e-5968d3361b0d,spgg,146,98,69,12986
2ff20e15-7123-460e-b27e-24f71c923870,spgg,100,74,72,7345
304a8ca8-ac81-408d-8be9-4f76f1faa7fb,spgg,24,11,2,3728
308ec17a-de10-40a5-9a53-49a1a7748104,spgg,966,506,166,45519
3120e5df-d395-424c-91db-d2e2c28a6418,spgg,358,70,0,32556
318a91df-cf26-4983-b0f9-d00e39e92b77,spgg,1133,438,642,107006
324ed4b4-85b7-479d-9434-3ebd93d6c578,spgg,19,9,0,2135
32da7237-2b33-42be-a4fc-f0f14c3b3c18,spgg,236,155,482,39689
33bab3e2-3058-4bd5-a018-7327ed71d8ed,spgg,1590,468,76,90835
33f01b9e-d1ea-4169-b18f-90faea683771,spgg,21,12,203,2988
3505e9e7-ebaa-454f-8428-d4bc2863d7f7,spgg,1119,339,12,128650
35208cbd-5e04-4e0d-b5c4-fffe06867cce,spgg,378,187,482,31008
36d60743-4c5b-43f3-8531-49bfdc32b04f,spgg,158,20,16,11053
37ddfd02-44ab-427c-9c86-003403759351,spgg,27,9,0,5212
38af9bd7-96a4-4d35-895d-eae2340eb62b,spgg,1598,310,10,103531
38dfd72a-4e10-4257-b600-1a04caca957e,spgg,98,11,77,4479
3ab3f2fb-f47c-4112-a041-83d1b6115340,spgg,21,12,182,1122
3d9c2ee9-49d3-4b16-92a1-87b6a8907b4a,spgg,2685,1009,3308,171171
3dd08788-241a-45b9-8660-92df91e67872,spgg,1018,363,89,103363
3ddf1f3c-3832-403c-8159-1333f2c2e7d8,spgg,1205,459,7,67654
3eb0bd9d-5510-417b-9970-350c7f3ac27a,spgg,1172,605,329,46400
3ffc917f-f51d-4938-808d-d65eac912bab,spgg,29,10,3,11279
40bd63f6-fbb7-4b4f-87a9-eceb84d70859,spgg,162,124,813,36780
40c984bb-f60e-4dd0-9592-6b2e2aae46eb,spgg,357,218,23,31064
41f8e1ba-dc8b-499a-849c-a688ac7017cf,spgg,55,27,16,6620
422d02d6-0ae3-47cb-9efd-1bd6e4d7414c,spgg,691,84,77,29042
428e20f2-4bd8-49e4-b379-c3e92fdecbea,spgg,6,3,0,563
437b0cd3-2c38-4ba8-a46b-4be98e8eb50a,spgg,93,28,57,3535
43ceca7d-65ae-4a32-b209-764394d9d066,spgg,17,8,20,1395
4543570c-2b98-4a43-af89-7bdc88d23bd5,spgg,41,34,94,3892
458082aa-7635-4846-8b5e-2d609a42e858,spgg,23,15,139,1898
47d7b46e-920b-41ee-8168-df4e2309d420,spgg,255,144,58,41912
49205e3d-9bc1-49b9-a2fc-a255100f7564,spgg,1118,317,221,113230
493b19b9-226c-4234-9412-8955c0c89928,spgg,3125,958,6591,128748
49663d71-cde2-4011-96e5-751ff82d8ce7,spgg,479,228,317,17863
49ba8f58-d1cd-40f4-ac0c-a09821af81b2,spgg,28,10,7,1674
4a619e3b-7e55-4220-a706-732e8c24b1d8,spgg,497,197,388,8297
4ad8c333-6da3-4249-b1ba-ce33a163d768,spgg,162,119,912,10806
4b5315b6-437b-4b9b-a6ce-c772102c2f2e,spgg,175,136,1223,22684
4ba38d6d-efc6-450f-83b0-56ced37739c2,spgg,1130,577,48,71617
4c1fb36d-e8ae-48f8-8b9a-c08b80694363,spgg,2734,1538,2422,104752
4c79f441-4324-425e-848e-ec35fdaffdf7,spgg,512,361,0,59982
4d12cb90-e10a-49e8-84fb-d2d0473f1b8b,spgg,1085,400,5,135378
4fa80f8a-d08a-4293-89ab-72e3fbb080a0,spgg,33,14,6,3001
5034b0e1-7114-45a9-ac3e-90477bed3be7,spgg,590,228,0,38576
50f18fd4-7adf-47aa-9ca2-42fc3902efbc,spgg,18,12,1,4973
517740f9-e50c-4a7a-ae1b-1aae3beb6a6d,spgg,239,101,179,21777
52069cbf-ff0b-49cb-a1a3-e537271cbeef,spgg,593,89,43,28710
53aa84bc-7107-4149-9e56-5e3eb2b13470,spgg,143,27,324,14794
53bef5db-6cd9-41c2-bf6c-67d47830b949,spgg,925,444,1408,189249
551f1ca9-d13c-4a8b-8f10-c83e4ce16010,spgg,23,13,116,4355
565607d4-d483-44c0-9634-1f05126b34a9,spgg,1086,452,102,42240
56c4f82f-aa82-4998-9767-09c3cd87e0f2,spgg,101,54,0,15980
57a91b09-5f18-4a52-8d1b-6cf27128b749,spgg,118,53,124,10686
57fd4296-b2e6-4148-8c65-4f93dfd9d915,spgg,27,8,0,4227
5863bc0c-729d-4fbb-b3c8-2b5b257afb6a,spgg,28,10,0,3427
58f025ba-78a0-4277-b312-a03f089165a0,spgg,52,23,2,7206
5979098e-8bbf-4abc-8276-683d5c661b25,spgg,598,179,30,21280
5a12a500-54b9-4b51-9ab9-8a52ca495026,spgg,225,126,57,12720
5a560915-3990-4af5-a3c0-c9c20c288959,spgg,281,186,3173,52285
5aa60411-8a71-4f53-8e94-88ae6c963d2d,spgg,23,11,51,3439
5bb22a17-a4bd-4121-9003-8f5df319121f,spgg,1072,458,9,76029
5bba6242-1cd3-4fe6-aa52-377cdfa348f8,spgg,62,33,67,6948
5d5e67fb-a93a-4ba3-841f-3d30b975c680,spgg,21,14,2,6643
5ec4e23e-74c8-4031-bd81-cb9cbb106280,spgg,1124,477,161,102894
5f36e7b0-240b-4687-ae1b-41d0971d878f,spgg,23,7,1,3518
5fc02d33-d4e1-42bd-8a5e-2b1525bf1c74,spgg,1208,442,51,36366
601c56dd-e5b6-4abd-8d42-d33dcf2bc1c5,spgg,267,59,92,18607
615dd413-446d-4632-87b7-400315a5388b,spgg,156,32,1,6688
623c11e4-078e-4d12-abdf-cac2a438c565,spgg,1129,614,54,181763
62876bfe-2d60-46e7-a922-65544615b9c6,spgg,278,167,23,22142
649cfd13-a68b-4dc5-a6f2-ca56781ec35f,spgg,17,11,155,4267
65d246de-4fc9-4151-a830-d74fe6a860c8,spgg,39,25,388,5929
666b4247-c08c-4a3f-967f-ec046f4999b2,spgg,25,14,4,8863
66e44d75-3d14-476d-847d-a7ae00c0df88,spgg,193,28,7,11292
68002713-b70a-4f51-a5e2-3ea55eeb814a,spgg,29,17,176,4564
693c383e-adb3-4915-9b9a-225e8bd98dce,spgg,23,7,1,4387
6a2cb104-b0a3-4505-b801-bcd03ae16407,spgg,269,136,29,21990
6ad17b2f-368c-4c76-b6c6-dc141591c4b5,spgg,10,7,0,2313
6af80e7a-c21f-449f-a4c7-ded698667837,spgg,607,170,16,44486
6cdb629d-0efc-421b-869c-476ba87ce3d3,spgg,31,17,3,6262
6f4ca3b8-2334-49c8-9e94-138084201633,spgg,241,190,116,19262
6f896aec-60e3-4738-a185-c3763938450a,spgg,431,214,195,33323
6fd1824a-f526-42a6-8514-76544bbee70b,spgg,57,10,28,3738
71400cba-5f5d-46aa-ade6-aecb7dff6f9f,spgg,141,38,107,14917
715314c8-4489-4a01-ba00-3a2af1ba6676,spgg,55,28,172,4304
72050096-fb25-4042-8529-baa7a69ec00e,spgg,257,97,3,13442
720f85c6-644a-414d-8115-e51dd2871f25,spgg,675,185,8,48390
736643bb-d3db-4c5c-a802-4d016cd98af6,spgg,116,8,202,7121
73dc9569-7317-4c0b-9f8a-b22c31ee6a53,spgg,70,59,203,13847
7650b162-7eca-4832-86c7-22dd1b1a87e9,spgg,34,18,45,5933
76c1e142-4885-453c-bea9-aaa970e28555,spgg,59,12,98,6894
78669ebe-2792-4fd9-bef1-93ce1e370299,spgg,105,56,62,4834
78bc63f8-ab3f-4518-bc04-927280a0c9dc,spgg,405,218,1076,28060
790347be-d830-4405-80bd-976a41b2c042,spgg,1116,499,2110,87867
793f2d13-f628-4cd1-a363-c14c3b0607e5,spgg,16,6,7,1168
79594c6e-98a5-44d5-bccc-612db348c003,spgg,201,178,94,13867
7ba2e52c-e03c-4fe3-89c9-0e2afabdc83b,spgg,57,12,75,4455
7cedfafb-b854-4f21-9d46-7c612420baee,spgg,79,31,256,12173
7f2eaa11-2092-4b21-b690-339473f4a968,spgg,18,11,0,4820
7fb1eb3f-b148-4a84-aaf4-9f8dec9fea30,spgg,2576,873,57,63692
81ba781f-5928-423c-b727-891505f1e228,spgg,21,10,0,7323
857419dc-7aca-40fc-b6cc-fbfbac69162c,spgg,201,106,1,10676
863d334c-1941-4193-a6ea-afc78a3c5389,spgg,805,88,72,31931
87328926-6f6c-4684-a7b9-51724a22d1ea,spgg,14,9,0,1835
8914bed9-ed98-4228-8ce8-1e1cae1a1881,spgg,8,2,64,1065
896b4fe2-a2fc-4559-aff3-8410c9df604d,spgg,17,9,54,971
8a925362-031d-4018-b11f-1abcf4ba2ca3,spgg,18,7,6,1762
8bfe4117-ec5e-4cbb-904a-65e02fc92054,spgg,1288,387,164,137734
8da30c90-9777-44cd-8fb0-557a4e084f04,spgg,1502,369,9,93347
8e6b21da-2f65-426c-ac30-cd050e5af2e6,spgg,765,470,1538,32128
8e751148-6069-44af-8686-ea59fea71d52,spgg,1284,486,928,90740
900e458a-2cd2-43eb-ad92-2d16fcfccfe5,spgg,134,43,4,12195
903fe3f2-dca0-43ed-bc60-8e65c56b329e,spgg,7,3,0,826
9040b0ad-da2f-42e0-98eb-cfc849962364,spgg,40,13,0,6261
90a6a6be-5f46-4c84-a1ae-095f3b989027,spgg,3005,892,2622,55938
912760e5-6b4f-403d-8b67-58c9580f12f8,spgg,725,429,190,65828
9265c115-e3ce-4d23-9137-16ce080f1e84,spgg,287,89,38,25027
92a284d6-ef6d-4520-b8a0-b1ff4a1f3734,spgg,1159,360,33,71627
92d60c4d-faa6-4cb8-942d-8d472200f5a2,spgg,57,24,1,2146
932184f9-1f3f-499f-a761-40b69ea344e8,spgg,559,40,76,12730
942f43b0-c769-4d7a-8bcd-8a5deab9ad3f,spgg,7,5,13,1777
95905a04-9947-4488-84b7-147a93978f93,spgg,261,10,46,12724
9626b2f1-4a36-4e42-8b69-bd79b164a108,spgg,50,34,126,4863
9686705d-d716-419f-905b-65ea0fa0bf6d,spgg,189,37,19,9441
970cde6c-3067-48d3-9361-62f96be01b04,spgg,19,10,4,3131
9802f832-8c37-4728-8a7a-021b9d68ced7,spgg,150,13,61,7993
9847241f-6fed-4c05-a833-d7a25f445120,spgg,1019,99,528,26591
98d44083-2589-463a-a6a8-d22c764fb47c,spgg,17,11,1,4430
98eaca14-7d8a-4ba0-9bfa-a9fb2f9a00bd,spgg,10,7,446,1962
9b0219e2-4c54-431b-9454-4977e0204175,spgg,259,113,9,34361
9b387af7-6296-48d9-8e54-445518524513,spgg,31,15,0,7463
9b9b85e0-e64b-4fcc-af18-6b3549897d58,spgg,95,70,235,16350
9c848ec5-ea5c-4aa3-9595-8446e835355c,spgg,1154,341,226,44947
9d614ac2-16e1-4ff6-b7a9-8908a912a799,spgg,1445,73,77,52768
9d6d14c9-34c0-4203-a561-430e0af4e2c6,spgg,130,105,393,9330
9d9cfe74-2643-41b4-b401-2bd71cffafc7,spgg,31,9,0,2121
9e07ed27-718d-4166-a8b5-91fc513a8251,spgg,70,31,53,7363
9e7bc9a3-b49b-4661-992f-79548bd1b953,spgg,20,6,3,3763
9e8d07aa-3b41-4765-bd92-ba01a921b683,spgg,25,7,1,908
9f9b232d-1e24-48a7-834c-4d002c4aea60,spgg,26,9,4,3063
a0a516f0-11a3-40bf-bad2-a371b9dfc00d,spgg,22,14,36,1965
a11f302b-d37a-4844-8140-2b79488670c4,spgg,1750,386,1834,64643
a3237f9d-5005-42c0-b167-2a903438aff3,spgg,25,6,1,4759
a48b3ce5-df07-4d6e-b092-b68c023f789a,spgg,18,15,2,4170
a53d4cae-26ca-4790-a323-f4b53d41c411,spgg,232,104,12,19413
a58a15ed-c30b-4112-b07d-ebc6cdbca735,spgg,623,345,94,70019
a7c3c59d-ee90-4c44-8fb7-26f293cb6c8c,spgg,2540,356,171,118037
a81a054e-e399-43bf-8e64-9231294fe2fd,spgg,1883,456,2653,185693
a8f28c8c-a1d3-4175-9e35-a6a0e0c67d24,spgg,2698,734,111,228581
a97635ac-5cac-4bea-85cc-376d728fcb14,spgg,81,46,4,9766
aabc9005-7b69-483b-bb9d-34c00483bd3c,spgg,95,8,0,4626
ab2002f4-5f74-4709-afa1-30e4ced5a4cb,spgg,541,362,27,43023
abe7e9da-04ec-49a2-a4b8-472d8c6dd8c0,spgg,43,28,352,11667
ad1b170f-7790-4cad-b985-d144c30d36f8,spgg,1228,426,45,80321
ad427194-84c0-418d-8408-66b6b0a3284f,spgg,16,3,1,920
aec4ee6d-2fe7-42cc-b106-dc8b811c0530,spgg,31,7,0,3561
af851c2d-50ca-465d-abe6-3153ee77c33e,spgg,19,13,1,3205
af88ad4f-7580-44fd-b3ee-948b2ed53beb,spgg,36,19,0,2477
afcc44e7-efa9-4451-a634-dbb1d516a883,spgg,760,221,84,40657
b05dcb1f-1a51-459b-9a85-5bda60c565fb,spgg,49,18,0,13558
b116d49b-40ba-48a7-8087-94fcbe71174e,spgg,117,37,219,14949
b14967a0-1f55-4e0c-9181-19724e34956b,spgg,551,114,680,22419
b256791c-1bcc-4adc-8f01-835e0ea37ec9,spgg,57,26,10,5358
b2629779-3964-4d17-913e-658bee5ee012,spgg,29,14,0,5372
b2c26128-d9b6-4940-962e-5626d867eda8,spgg,188,117,84,27702
b2c92d95-0192-4bda-89fe-c441a93c769a,spgg,88,14,5,1401
b315f4de-7575-4360-8b3b-66f1616ec99a,spgg,14,10,0,4741
b3994526-c15b-41ea-9284-d76aa69ccfba,spgg,443,119,32,20870
b41cdb6b-bdd3-4501-a1a3-0bd1893429a6,spgg,1038,116,59,21106
b425db26-5fdb-4003-bcc9-bc9621b70bbc,spgg,369,230,25,41372
b45f1314-92aa-42c3-b13b-826e249b108c,spgg,20,6,0,1343
b4c3468f-f471-428c-b419-fd1d2c5e6838,spgg,148,24,8,17811
b5b4b187-df4e-4c40-b0a7-2afc46cc82e1,spgg,245,64,420,22321
b840a447-b799-4e19-94ed-eb86ccbfed38,spgg,2771,766,1403,34839
b8c88981-8a2f-4a55-9a1e-4536c86d1395,spgg,13,8,18,1852
b9589be7-f706-45d1-882e-750235218da0,spgg,40,22,43,5005
bb737a34-cb42-4665-81a4-a164b5355a57,spgg,384,230,342,32334
bca08e79-6404-494d-bd64-4d9fa11acb6a,spgg,58,13,0,11549
bce2b9d3-dcca-4b71-abbb-7b2d9284871c,spgg,300,154,48,39027
be8d6327-4cec-458b-a021-b5e9fdb7dd88,spgg,910,165,6,22877
bf4907d4-c367-4bfc-acee-eb06a0847f6d,spgg,22,9,0,2989
bf8482b3-ffd4-4b17-9b57-467cbf21791a,spgg,18,12,0,2494
bf8692de-bac0-46ae-81e0-8078abf6f9ce,spgg,70,13,74,9771
bfc117dd-a612-40ff-81c8-229795e0933f,spgg,2645,1934,17,198253
c08953ce-4b3d-461c-9c1e-57122f2fd5e2,spgg,34,13,8,3602
c0feb5b0-7091-46b0-8dfd-ef189c6c777a,spgg,57,32,27,2383
c17972e9-1613-433b-9807-d455a7a1c758,spgg,65,35,675,16471
c33e9340-f215-451a-819c-9824382660ec,spgg,177,35,3,11335
c3455385-a226-4366-9745-9681ec9a11b8,spgg,272,152,109,19384
c419e83c-ae76-4ce5-8e46-8460405ae704,spgg,11,7,6,503
c736b452-a909-4bb1-b945-d633a77114e1,spgg,138,12,19,5120
c7ad7143-7e23-4f1a-9ba8-fb1b8b0d7669,spgg,719,324,851,52478
c972327b-63e6-4f6e-86bb-200f180931c5,spgg,637,269,1492,98160
cbbd5753-9512-48da-a947-30f3371a0268,spgg,55,8,21,1639
ce727561-825f-40a6-98d3-2c53516d3c15,spgg,1093,418,137,50916
cf2bd96f-d186-4682-9fc6-06ccb4df0a24,spgg,18,6,1,5648
d01d4bff-b5fa-47e4-82ef-d42b5da212e3,spgg,120,58,40,15308
d0a65425-d3a7-4d4a-87bb-cf7534d90203,spgg,937,431,437,74175
d4822f98-f429-42e2-94b5-1dbd42aa9b22,spgg,79,54,161,20018
d6fec29d-d421-4684-a14d-29033cb248e4,spgg,66,33,66,15200
d8c844fb-160d-43fc-8601-d5614ae62239,spgg,45,20,15,5405
d939902d-d3c0-4795-96e6-fc68db43b1b0,spgg,34,11,3,2766
d9ea24cf-dbed-426f-8f09-b96e2cce31b1,spgg,36,18,28,5936
da3cd84c-6b10-4319-a08c-cea1b1dc12fe,spgg,1161,347,338,69706
daa9480f-5301-478f-86ed-da57a3f88c3b,spgg,937,501,55,36483
dac3e987-9f83-400b-97ae-880bb7277714,spgg,91,52,109,12101
dcd750b1-252b-4fa0-bd00-9974ba86423e,spgg,14,7,11,690
dce28029-6279-4f32-8e7c-ddd635849a99,spgg,30,16,2,3168
dd6db17f-d7d4-45f9-8f39-5fd80d4bbc96,spgg,71,14,34,4733
de73843c-1a97-4b43-aec0-dedea063557f,spgg,753,293,429,67436
dfc54f10-8790-422a-982b-29268cebd674,spgg,238,103,15,34187
dfe49055-2bf9-4a97-8a7b-ed5a1af9ceee,spgg,269,189,16,30432
e063c706-0e97-4a75-909a-f90b4e7b0314,spgg,89,43,120,7641
e09adf6d-bdb7-47ee-9b6b-1fddf2694502,spgg,236,105,312,19605
e1ab1a19-40b2-499c-9bf4-dc3af2f3d915,spgg,74,15,6,5668
e25dab51-da49-4547-bfd1-a9a3ddc5dde1,spgg,256,94,27,21738
e2f72109-b9c7-4fc8-ba8d-3ac1e321cc2d,spgg,19,13,20,515
e5209185-bd10-42f3-b8f0-ee579bebe5e3,spgg,24,8,4,1694
e5d8b30d-aeed-4259-91be-9c9c575ec247,spgg,22,6,4,1282
e5e185eb-040d-4419-95fc-615066ff4fe8,spgg,1636,472,456,118809
e6218150-e58e-4e63-adca-065b1ac638f0,spgg,90,58,593,7353
e6edc4f5-5676-427e-a1c4-8be4cc64bc2e,spgg,21,11,15,751
e8fe5abd-4996-4cbf-ba01-6cb67620095b,spgg,735,177,28,38888
e92d92f4-21da-4383-9587-76dcb6f90ba2,spgg,18,12,0,7782
ea1eb0ef-ca76-4b5a-8de1-8dffa29c6d43,spgg,80,63,368,5152
ea32a23c-9629-41b8-a7bc-e577dd53ca4b,spgg,37,12,13,1522
ea75def2-cb11-4921-80cb-e969251cf07e,spgg,27,14,2,6124
eaddfadf-17fd-4d39-b45c-0837642cc80b,spgg,1721,387,661,104784
eb635e68-e5f4-478a-af79-9a587fac4686,spgg,91,22,2124,5167
eb79d390-46bf-413d-af66-01a95db9fa49,spgg,180,114,510,14942
ebf04d83-1787-4cac-98a9-db26df5c1edd,spgg,222,111,11927,14677
ed141ca9-ec8e-4132-8f5d-1d62a23ae5b1,spgg,1225,497,74,103248
ed9210ab-e2fb-4503-ae0f-5ec0c11362b7,spgg,209,58,0,17387
ee12f894-7fc3-48d4-99d6-d00d8dbac67f,spgg,673,298,201,44130
ee629c2f-35f7-4d38-8a33-3a0e9193db3c,spgg,28,15,1,3838
f11a720f-897f-4d23-95d9-e106d46e77f3,spgg,22,4,0,2704
f1a994c8-c8f8-4a44-8439-3b9f9ffe6097,spgg,19,10,2,2201
f3139b91-1c73-4b93-8616-465f2b2717e9,spgg,815,229,46,33841
f32e45a4-7e8b-4af2-bdb9-87fbcefa72a8,spgg,113,44,47,6618
f3f37948-cdc2-46b6-827b-0782b9b8e4c6,spgg,369,142,17,19222
f5df668b-90c6-4235-9c39-86e4652a7497,spgg,1139,570,175,67358
f72f5892-7a34-43a5-b678-abcc6171339e,spgg,331,172,107,42615
f7df4c55-e280-4867-895a-f462cebc09e7,spgg,2258,1233,221,218673
f89267e4-4c0d-4944-8b07-62760b42d1e2,spgg,782,190,1134,58215
f8a817a7-8126-42b8-b5f3-7253fd09bc6a,spgg,559,306,111,62930
f96ee71b-1a3b-49fd-bf74-2187600ad872,spgg,46,20,0,8871
fbf2e9de-3130-4550-9265-7745f646ef0c,spgg,25,18,1,466
fd0d2af9-0e11-4571-9118-1ffc2f9a5ac7,spgg,330,261,528,39562
fd5e9df0-2c5f-4826-b793-41785cf5d7a0,spgg,25,14,104,5557
fedde65c-9043-49d8-98a8-ea645a194071,spgg,150,92,156,7804
fee843c3-ce4b-4b4f-a1cb-208b00a347aa,spgg,44,15,1,4580
00040b2c-d279-454e-92d9-cc3d441af63c,seattle,34,7,16,3185
01c123d9-7691-4902-afe5-c2cc198b4ffb,seattle,90,15,2,3966
0211d292-f690-4e3f-b2c6-acc5e0614d92,seattle,128,18,0,6233
0247b192-2b3f-4728-86be-91d4d4b29836,seattle,18,11,0,5115
026c0e9f-d460-4e82-acde-ad145c7b2324,seattle,360,110,703,20198
027d61de-ac27-44b9-bfd7-6d5132ff6a6a,seattle,28,9,35,1291
02a42792-102b-4b4b-987b-9feea6f84a00,seattle,40,10,0,2365
0471644a-eeea-40f3-bd51-072fdf437604,seattle,41,16,30,4502
04951a66-0daa-4c7d-b800-024cea519c7d,seattle,56,15,14,5455
04acc2a8-e0ee-44a0-856d-58d815c7176d,seattle,21,7,0,1499
0502d455-eb4f-4657-862b-32dff160018e,seattle,14,2,0,1983
054db48c-4829-4070-bcc1-68fbcfa81180,seattle,39,9,404,2647
05de1cc4-02b3-4eb7-9958-2a4a2d32b828,seattle,140,47,78,15380
0622553f-b7c9-4a7a-9fa6-e30a6e1db223,seattle,71,17,15,6885
0628c9a1-e7e7-4309-b71f-2403b58cd014,seattle,19,5,12,3015
0710b56f-c6c8-4859-8555-a8e8cfe30ea6,seattle,29,7,0,5866
073caad2-e910-407d-9e88-e7abcf34d9d6,seattle,51,8,111,6505
076c8cfd-9313-44b1-a53f-5f941870e2f9,seattle,85,15,59,10436
07924321-e2a1-4ff2-b311-f9b0cf92f9b0,seattle,97,19,268,4427
0817101c-907a-4cc5-96b2-d5301623b17e,seattle,367,88,494,10163
084ed4bf-2fb0-4afd-9783-9e48b4e11257,seattle,28,8,9,427
086419fa-b51f-4cfb-bea4-3b10887f01d4,seattle,239,55,166,8065
08da3345-598d-43b0-8a03-0a8a8bd9d41f,seattle,93,24,46,10517
093cac93-d83e-4aeb-ba2e-afa3bb3f54d5,seattle,26,7,21,2008
09474566-a695-4259-85ed-7d24f3d7a70d,seattle,34,10,225,10099
096c9325-4f45-4f8c-a961-ec69fa3577d4,seattle,23,13,6,7850
09f7d7cc-8c3b-4fa4-9c21-d7808bae8fb2,seattle,484,135,143,44675
0a1d8f13-8155-4f4b-b9e5-5d1177c01cec,seattle,4,2,0,1427
0a6c9020-ef1c-4dfb-93f4-09c9c6554de6,seattle,286,103,268,26456
0a7fc5fa-6fcc-463c-beb2-b6267e55a0e9,seattle,14,2,0,2277
0b2e9ee7-e518-4dcb-b8d0-f06c410df458,seattle,24,8,0,2574
0b736a27-87a7-47cb-9020-cfced7203e27,seattle,72,25,39,7679
0bd6624d-807b-4f81-90a9-6ed106270bf5,seattle,827,268,536,71345
0c27da6f-3163-4cd6-87b2-fe114a4bfe57,seattle,114,15,7,8923
0c74f7a8-9171-47c8-90fc-104e1a1b140a,seattle,5,3,0,1150
0ce035b0-0367-45cb-aa83-1cb334b7c07a,seattle,72,21,236,8450
0d02d12f-b654-40ae-ab3f-2041acf4643a,seattle,28,8,0,3290
0d0c89b2-b592-4256-8e51-ed286ff36390,seattle,53,20,42,4129
0d0fdbda-4abb-4bb4-84f4-bd0c76eb84e1,seattle,76,26,37,7372
0d3fa400-2504-42c0-9779-b887ce017938,seattle,17,11,843,4440
0d8a05c3-aeaf-48e6-a0f4-3ab8bd7ca588,seattle,158,58,267,4731
0deac935-2e35-4cb8-ae0c-1ed02dff672d,seattle,31,3,0,1075
0e1ae564-6d72-4670-98e4-71369cc5ab26,seattle,13669,4447,21256,555416
0e74d5a8-c6d7-482c-a339-7d3be646cfb6,seattle,19,5,0,1787
0e7f16cf-f480-432f-9d0d-073b9994729c,seattle,49,18,116,7452
0ebeaad2-e52c-43dd-bfdf-3c2fbaec1110,seattle,122,17,225,9379
0eda027d-5bf2-46e8-af79-a3e6710d51d4,seattle,104,17,1,3452
0f1b5257-150c-48ac-bd21-d7272d9cd327,seattle,2973,945,1618,204818
0f4285e3-0784-4726-b833-af9617eb5d5d,seattle,11,2,0,2597
0f97b3df-12d4-4e7f-af19-2ea90b1c5388,seattle,16,12,134,2810
0fa24c0e-3c87-4faf-a6a8-1e10bc22f8c5,seattle,98,33,68,20736
100a3481-9dea-4f9b-a4cd-1e3b01a3138e,seattle,36,12,0,5477
10ab9680-8283-4448-9a37-090bb8b4fdd5,seattle,37,11,136,6038
10e5735a-00a4-4a63-b4ad-d329459fadb5,seattle,297,87,197,16854
11207567-df65-409f-8966-3e435d6bdfa4,seattle,14,5,0,1636
114750dc-3261-4bf5-9744-be72bcb1a335,seattle,24,10,4,4383
11665b4a-b749-4d86-aa22-246b3000883b,seattle,59,5,1,10098
11dcf8e1-562d-4e3c-bfdb-399482fd7eb6,seattle,32,16,29,8066
11f9c971-51a7-4bf0-ba9b-5e960d89fec6,seattle,224,38,48,13219
1242610c-af72-4b9e-9246-b224f1bd233b,seattle,18,14,0,2696
12d3f3e7-1635-41ee-84e5-28f4130828d5,seattle,14904,2258,92,1016616
12daa25f-9fc9-47ce-835f-7891762ac537,seattle,22,11,55,1322
12db8c1a-8f1d-43d8-a166-56709dd29c0e,seattle,24,4,60,3184
1343c8bc-a1b7-4758-9c72-fd2a0b5c570d,seattle,24,5,253,6579
1353d168-ab49-4474-ae8a-213eb2dafab5,seattle,1971,356,79,31407
135b1c8c-ba4f-446b-a335-54673db39ca4,seattle,262,81,20,17781
13855364-f107-4d5d-a4e8-8a269b1b79fe,seattle,30,6,40,7286
13e7634d-5c62-4f39-ba2e-28c44ab58dcc,seattle,30,14,11,1354
14c1101a-1b5e-4f6e-80ff-94c3a777f904,seattle,105,15,0,9851
150a0d16-3444-46e4-b0f5-858721da662c,seattle,145,24,161,12628
1520e97e-d90a-4554-beb0-c532e828fb15,seattle,29,5,81,3732
161c812a-fe60-429b-a896-01356986c05f,seattle,36,9,58,2205
16651759-9a60-4d6a-a4b1-667b995c8a46,seattle,47,12,0,6316
166c6923-38f2-40af-9979-7ef06a6fd9e3,seattle,83,15,141,4872
16ba7e51-c248-40b6-a349-e04710c89b7f,seattle,14,5,61,3394
16c121af-f9e8-494e-8139-97c7fb388d61,seattle,97,22,103,6551
16ef2830-d99a-4c21-84b5-a3d004ff8eca,seattle,293,50,316,5659
173f7190-7127-4651-8d4a-8a6e87c17afc,seattle,59,34,0,7485
17437df5-86f6-4657-872a-0a15889c6a8e,seattle,20,10,6,5480
17bac14f-319b-47be-90cf-c8387f4e4762,seattle,51,14,51,4657
1878bcff-d89c-4b3d-8162-0eba4bb70b45,seattle,27,15,0,8894
18affa9c-ea9d-42d3-8428-479b92deb739,seattle,33,10,27,7187
191e4d7e-71f7-433c-96d6-734cf1d9ded7,seattle,18,10,290,2791
19735043-3130-4bb5-aa56-ba1a505b9240,seattle,18,12,35,7926
197eefd6-6ee2-4797-8596-a59ae40d288c,seattle,84,28,53,10320
19ce7bb2-1ef5-4904-9582-67a2b567cd29,seattle,111,42,14,24358
1a63851e-ed9a-4310-acd1-f469d620bc59,seattle,64,28,67,4225
1a6eb35f-e080-43e6-9d09-ec9a396955c9,seattle,66,33,87,5752
1a96180d-75e3-4806-b719-0694c17136c3,seattle,52,17,71,7608
1b051c7d-8659-4ffe-9c57-9fb19c7fefa1,seattle,28,16,215,12482
1b119cec-02f5-4bcb-8eb4-2d8c4e9abc04,seattle,173,10,28,7458
1b5e103c-fbdc-45a7-aef7-d84dc2e9068d,seattle,51,15,5,2943
1b960e1f-ac3c-4524-8cb2-a77905a25ef9,seattle,116,40,872,12988
1be101d3-eb60-4973-8e90-b8df9cc22f91,seattle,1675,21,285,31571
1bfb6a8e-564e-456f-91f9-ecdafb773b19,seattle,47,7,49,2322
1c9b1527-fbb2-4c0b-a787-c73f5b5d8cfe,seattle,29,9,0,4816
1cc1153c-5a90-4e6b-8cbe-04b7fd18c9ef,seattle,36,15,8,3667
1dee47c8-9c23-4b36-9098-4af3b1ae094f,seattle,1400,133,2210,139272
1def69f6-a98f-4b76-9207-82eecc89a478,seattle,196,90,251,14508
1e00ac1d-234a-43a5-90d6-a32cb5b06572,seattle,74,30,471,10385
1e576e3a-8b1b-41dc-b181-175bcba9e9da,seattle,77,21,0,3582
1e5b6eec-b36c-4a39-9f1f-b4587ccc4a55,seattle,261,39,220,12764
1e98c0ed-1b21-42fe-b9d0-f5851f5797db,seattle,31,11,0,1827
1ec47c3c-6638-40dd-93ba-6c23bb682684,seattle,21,12,190,4592
1effd998-a89b-4b8c-8dee-7e16e0679209,seattle,19,11,0,4442
20130617-b211-45e4-89e6-1f2288283334,seattle,172,28,10,15405
205a2c36-8335-4373-aced-dfb05ce71b6a,seattle,102,36,547,10989
2142b941-30fd-4ee7-ad9e-f864bea67b45,seattle,9,3,10,337
21d46b18-4f62-445d-b138-74d3763982d9,seattle,72,10,175,6566
223e77b7-d928-4c9a-acb8-9d011362d693,seattle,116,35,6,27618
2283173a-8e7f-4bff-bdc3-c95c277e8f14,seattle,14,11,0,1823
229b1c5a-f379-44b4-9a4c-94d0994ccef6,seattle,17,5,24,4817
22f2e8c7-6858-4a94-8c17-cadff0cd1396,seattle,56,6,75,7209
230e2275-a379-4c3f-ae41-913f9b1bddc1,seattle,33,7,0,1700
231a7ad5-13ef-4eb7-bd5f-c3066e30be0d,seattle,85,18,9,6917
2334862f-286b-4ad5-9c59-d81e27c35ff3,seattle,34,15,400,4896
2390f294-0220-4965-a6f4-8049218693ad,seattle,20,7,70,3436
239d13aa-162e-470d-bb24-715d5e00d3c5,seattle,1050,175,120,42826
247ed3ee-b132-41f8-910e-ebe310456dc9,seattle,74,13,69,5161
24f9888a-c271-4b8f-9a5c-d67931c384b1,seattle,40,6,92,3685
24fc81e2-192b-49e2-9227-29204be4ccf2,seattle,70,10,4,3121
25f720b8-fa78-4373-af82-6060c4d1f6bb,seattle,98,25,32,26523
261779ec-11d9-47f5-9582-cbe68762d61c,seattle,124,22,20,5738
264bd783-8487-4f0e-949b-b4ac32000e07,seattle,24,7,5,3576
26846252-45fc-4723-aa12-a0a57678b090,seattle,16,11,61,471
27088af5-d89c-4b0e-94b8-c0d757ac0e27,seattle,211,53,57,11488
2721e2d3-b15c-42df-b777-19b9c33e8636,seattle,42,15,1,3419
27c459ea-5ed8-43f6-8040-075b7ca28488,seattle,58,9,0,4198
27ce75f5-baeb-40c2-84ab-ab373d8a6fe9,seattle,32,9,5,3232
27d41f66-91f3-49dc-ab14-b8732d733554,seattle,684,88,57,11068
288ef01e-3a8c-4e19-95c9-ece363e594ac,seattle,30,11,174,2325
28b9dee0-bafe-42e7-815d-bc308c4d6213,seattle,22,9,452,7579
29650c2b-00fa-453c-a830-1cac94e575f8,seattle,30,8,175,4597
29ab61cb-8f62-4b9b-ab35-929bf195719a,seattle,52,14,51,4064
2a783c12-395c-4cdc-b954-b5a225771360,seattle,235,116,1022,64217
2ad5f383-550b-435d-b58e-b59678aa93cf,seattle,300,5,20,32400
2b0da548-ba7c-4a21-8da9-cdcef60e0e6f,seattle,43,21,37,4592
2b80fb60-17f2-4b92-a49a-871ae98f7bba,seattle,141,26,173,16836
2c1639fc-cebf-40d2-9704-048f257ce1ca,seattle,27,8,0,2511
2c7e2ae8-554a-46cd-bf96-50b7359043b5,seattle,77,31,37,10270
2d1702b0-263d-4574-b0fc-807fd2fdb666,seattle,35,23,158,4288
2d602741-9694-410b-b73b-aebfdb26d47f,seattle,59,23,19,18699
2d64b7a1-97b7-4351-bcf5-071605814088,seattle,101,16,32,9064
2d9009b3-55d5-4aa8-a17a-a7c80afc4d51,seattle,8697,2538,9091,434809
2da10fb8-7c74-4b2d-a476-e3caf9dfdbb4,seattle,17,10,0,344
2dfe6b0b-e50f-420d-9da9-688486f77870,seattle,55,16,0,6908
2e0dd48c-0ced-4b05-b7c9-ce5620bb7aac,seattle,376,119,1979,60606
2e657863-b73b-4a36-a0ee-d7984432c3cb,seattle,35,19,14,2601
2e70bfa1-0ead-4677-9bab-9987ce65220b,seattle,14,7,1,2413
2f6415e5-f851-4105-afc8-d2fb5f60fc77,seattle,26,5,58,2585
2fcbccac-e6d9-479b-9521-afd0c1290fa4,seattle,113,23,131,9250
303848de-02f8-49ee-8a31-a7d06f489b59,seattle,32,9,0,5119
3103176e-9340-4de3-959e-7fc0f7c7e7da,seattle,22,7,2,4710
3167a2db-0a43-4713-8851-8aab8fb0f752,seattle,24,5,0,1726
32f30b90-f995-45bb-bdc3-c53362cbf4cc,seattle,86,23,145,7065
33ad919f-a81f-4aa1-9a0c-ba791aa4b4f5,seattle,21,6,80,2539
33c43952-3550-4905-b3eb-b23cd6ec2345,seattle,67,28,162,9122
34c2e6b8-0330-4ff9-bf75-03f6b5d1b0f6,seattle,27,16,87,2402
34db2dfd-3997-4555-8e47-e44aef680755,seattle,114,22,67,11714
34f737fc-91ae-4cdd-91de-1c4d362fad69,seattle,49,22,42,3801
35872a6c-d171-40d9-8e66-9242b835ea71,seattle,1476,569,3422,85998
364c3b02-d52a-4f44-9f05-d550fd2a4ab3,seattle,177,65,359,34808
368ec4f8-40d5-48d2-87ce-cd4573fa6d6b,seattle,83,12,103,5996
36a089e7-448a-42cc-8cb3-af3042537571,seattle,7,4,0,3605
36f4c9b1-d04f-4704-9490-fa01778a3ecf,seattle,89,33,407,14403
36fddaf9-a90c-4dab-9307-4283355be4e4,seattle,108,20,183,10356
370a21bc-0e98-4c25-a458-2b71080d7586,seattle,79,26,406,9509
372d942d-f5d2-43fc-9f92-eb1c65dc14a9,seattle,77,35,5,10923
37764ede-9fe2-4f5c-9e89-91d804878694,seattle,12,7,28,5292
37ce7ed5-f161-412f-96ec-9fc26eac5126,seattle,112,40,6,6901
37dc28aa-3754-406c-9793-dfe407feecc8,seattle,48,15,60,5757
381f68ad-9e62-497f-ba83-f240964de4a7,seattle,61,18,364,7851
3904ac57-3daf-4939-8a62-b23698f35c02,seattle,25,10,51,2547
396a56f3-f330-4f08-b4f1-60cdce7a94e1,seattle,195,37,3,20942
3983ba03-3bd6-4728-935d-6cb736f366ad,seattle,23,5,37,1971
3a52d33e-b623-44ff-9b4b-4ed41716aca6,seattle,5,2,0,1761
3a8df622-5614-4831-a2de-cb0955dad57d,seattle,46,9,44,3450
3b602c28-bc58-4470-a19c-420327bb6816,seattle,163,27,63,12285
3b7a167a-c04b-428b-8e2a-15e54d654c9a,seattle,208,141,1016,27262
3ba21895-0d29-4592-a00d-ac79c0a7dda8,seattle,215,36,6,7509
3becae68-94fe-4c96-bc84-1f2d420a5c9a,seattle,44,15,53,1849
3c296aa7-c762-473c-84b1-7cfa1528b7da,seattle,1917,341,445,96425
3cc4b72c-66a9-4210-a1cd-058ffdc6d237,seattle,27,7,0,3874
3cd8319f-1450-41c3-b81d-180ba705e7e5,seattle,53,20,128,5863
3d35ef30-91ba-4862-924c-406a4ba1f796,seattle,6,6,29,1671
3d64fd16-19f2-457a-96d7-36f56d79ab98,seattle,74,18,21,4700
3e185ad3-3db6-447e-aad8-bcfd8187a0ce,seattle,95,21,2,36662
3e2f3ebd-9118-41ad-823b-ca66aeb3cf8b,seattle,86,32,118,5371
3edd2ea9-635b-40af-8a1a-d393433c59b4,seattle,26,12,86,4110
3f23e080-7bfa-4e8c-8a43-ef9a5b832f84,seattle,24,10,0,2281
3fad51df-289e-4707-a4a5-044f90b1a12b,seattle,49,18,733,2285
3ffd7275-cdba-45c1-96ef-cfa974321233,seattle,59,34,53,8910
40612105-3371-4252-8887-ccbeff051b61,seattle,181,44,160,14809
4063e1a3-68ac-4765-ae68-13052799b527,seattle,142,14,1,11874
40a14254-4d12-471e-bb9e-202677f88d1b,seattle,69,14,146,11141
40b9c6eb-a498-4631-bc98-69cc4b7eb0d0,seattle,28,12,0,7201
411be215-3cd4-421c-bf77-5985b4c37cb2,seattle,36,6,259,16406
412cb868-4a25-4fd2-9133-90ca1ad84468,seattle,53,17,363,6808
4160996f-d62a-4661-a9ab-24925f12c246,seattle,29,18,0,2475
417805dc-7308-476d-a092-2a7493ef96eb,seattle,56,22,566,12430
41b6b2c2-8710-4922-921c-7512479221cf,seattle,30,5,15,2595
41c61b8c-2d96-4a44-a06f-eeeb9d579c94,seattle,27,9,60,3658
427d8fce-1818-4f51-bf38-5f06b7fff7f2,seattle,63,13,0,3574
434c60ca-5f7a-422d-8a6e-bf8243d74e14,seattle,40,9,8,8658
435309a9-9476-4335-ade9-08bcdd4b922b,seattle,14619,4765,47104,954233
4382d449-c724-429b-b653-cc817729f7bf,seattle,28,13,0,9515
439a8246-21d2-4d7f-a453-10238ec1fb56,seattle,29,5,185,4485
43b78863-937c-4c37-9ef4-525f56566ff2,seattle,61,10,42,1702
43bf89e5-ff19-40b6-b945-44dd6882a78c,seattle,103,9,0,7852
4411e42e-6a76-4717-bdd6-0181915389f8,seattle,97,24,46,5523
44187d24-9098-45f2-946b-4e152b5f9873,seattle,94,16,54,10409
441a55d7-04c6-48af-af92-6d07e2698d84,seattle,284,56,147,22662
441db577-0f90-4ebb-b597-45bbb525e57d,seattle,61,15,0,3769
441fee65-efc0-4162-8f57-bfd0f31b9ef1,seattle,18,2,0,1724
45262ae2-5845-4c16-a612-3a42f87bf1ad,seattle,19,4,3,1600
4647bbd7-f585-4bea-b380-e2cf70561766,seattle,6,2,1,1210
467ccded-ee2e-4fb4-a825-5740a7a30d82,seattle,36,21,344,1611
4692c33e-11e0-4290-ad3a-adb46924b819,seattle,1783,131,57,73252
46bcaa7c-c94d-4dd5-9886-d21f86543f28,seattle,4267,662,2700,271259
4761a83c-d4af-4847-892b-f340b8fcfe06,seattle,44,25,420,8224
47655c31-950c-41d9-856c-ec610a3172b1,seattle,38,19,115,4770
48ed1257-7ee2-439b-8358-a2b4875d18f8,seattle,47,16,215,5470
490b055c-0108-4e77-a5ba-7018c993fc22,seattle,17,8,0,2619
4952a990-7be5-4417-a877-555ac95e78d7,seattle,38,9,88,4311
49723673-044d-4b47-855b-3bdebfe37073,seattle,6622,1178,5619,210566
4988b6ff-57aa-4fd2-8c9a-58030beb0b93,seattle,17,9,63,10632
49a3bd8c-fdaa-4383-9bd9-50cd1fc9b163,seattle,98,19,273,10572
49b43550-01f1-44ac-8054-8e3236596d0f,seattle,85,22,103,8510
49f14484-af02-43dc-a0c7-69e510290916,seattle,12,3,0,3009
4a766c46-a60b-4b8f-b692-e0c06bc145d4,seattle,39,12,59,7305
4ad8426c-d805-460f-947a-c9f5768ffd9f,seattle,3,2,0,829
4b23e956-8612-47ac-97ee-198dc671d262,seattle,70,30,6,2711
4b2591bb-7b1f-493d-8a7e-e6e0dd52b04a,seattle,164,47,28,12329
4c360317-ef7f-49cf-a1a3-92c9c9043542,seattle,166,66,62,26669
4cd005d8-60e9-4765-a58d-2b139694ea20,seattle,138,21,23,6007
4ce8e340-306e-47ca-adff-b362a1b6677c,seattle,92,12,40,6270
4d242715-c279-4220-93ed-b52c4d5bd4f4,seattle,61,9,0,2209
4ea11d46-fc3e-4747-8dbd-efa22f869882,seattle,69,36,45,15890
4f2a3a9a-a5d5-4d57-b2d1-6be61a6c2184,seattle,49160,6485,6523,4233330
4f5e3226-628f-49b2-870a-ddb51099a010,seattle,56,15,0,4785
4f8e0679-0b3d-42bb-9cff-e6149f8fdc39,seattle,73,28,13,5838
4f946b50-b160-45e0-b0ca-77f434b99c7c,seattle,20,8,0,4179
5026d8d3-a807-4b25-b0bf-4b97ca6dbd01,seattle,244,47,203,27538
51067b9d-0d89-47d9-9ae0-50ea7ac8235b,seattle,586,33,6,28233
5139f5dc-a6bd-4206-a753-31e7db4bd353,seattle,87,27,196,7286
5143c254-2cbe-49c4-933a-9dc2263c06b8,seattle,62,20,173,7689
51487d2c-20b5-4fd4-9eb0-b26303561ac7,seattle,275,25,10,5419
515c1247-3160-4a52-9319-a9ee68651ef9,seattle,108,14,162,7491
522f402b-927b-42f6-acce-b6919d48e30d,seattle,81,24,159,18564
5262e8f5-3037-4a0c-986e-1854367e76cf,seattle,128,45,11,9885
52e5d6c4-8ac1-435c-b492-43c8e5dab54c,seattle,38,7,0,2975
538c6843-e446-4fc1-aeda-9410790c6000,seattle,124,76,267,25684
544ea359-26e2-4e6f-bfcb-868af79b275c,seattle,43,11,38,3055
54c77d0f-fc8f-4497-84d3-5e336047b17e,seattle,705,528,1545,94471
55258030-2dd4-4542-866c-815a6e7c6e01,seattle,18,9,364,1858
56769cd2-3800-4fc3-a5b2-e204a2729f4b,seattle,17,8,0,3527
56fe90ca-ff6a-4008-ba8e-0e2dcd8b227c,seattle,72,15,102,12215
57052058-70e6-4fe1-a2bc-b5a580da4df6,seattle,76,14,38,13738
571befac-9a9c-4e61-8218-96f8e2f27a50,seattle,69,15,15,5137
578274d3-5a28-473e-989f-09c100d32d1d,seattle,112,9,6,6405
57b99b19-ff2f-428b-91a1-4d214e187ce3,seattle,143,24,35,2894
585c6bb6-6ccf-4051-b332-3a03d1eab087,seattle,51,22,0,12442
588b8e51-3029-41c4-b38b-f449feb578f5,seattle,68,18,627,8756
59bf3fe6-615b-468b-bf0d-1267001dc155,seattle,73,36,239,9881
5a07d9dc-2b1d-4332-a042-cc098adc737b,seattle,34,12,2,617
5ab3df0b-6cee-47f4-9713-3c3edd929d40,seattle,21,5,0,2939
5ada2bbd-7bf9-41d3-a318-5a7d6b1e70ed,seattle,66,19,73,3977
5b214fe5-91fb-4140-a799-7c71ebef4a32,seattle,1754,530,518,68333
5cdb41ac-8945-43aa-b0e9-1c05fdd8bc47,seattle,16,8,109,8175
5d424604-be58-4d5d-a9fe-bbefdd93b008,seattle,68,28,19,5801
5daee480-d6f8-4e9e-a2c2-67638b97bcca,seattle,23,8,6,2086
5dcf3e59-344c-43bb-9bb7-540ecbc54046,seattle,14,11,16,5804
5e1909a7-e2df-4381-b84b-8aed30ecf412,seattle,841,118,1001,21715
5f07d252-3939-4e82-9b77-d5ae0f30ddc2,seattle,82,30,194,14643
604ddaf4-0250-45ef-809a-d462307916d5,seattle,76,41,48,5596
60762778-61fd-4e93-92aa-939ef0c8ffb2,seattle,18,9,0,3556
60dd2a70-16cc-4023-88eb-f95791ba08a5,seattle,944,235,132,40515
60f51dd5-7eb5-4959-a307-10eb5d3b8fc7,seattle,67,20,15,14154
62361e57-6b10-4859-8b94-7b837d68d181,seattle,11,4,47,1774
6276153f-8db2-4b44-b90b-d7c86a1edd45,seattle,835,249,206,68694
62fae240-a83b-4d26-9446-f8d8bc5f6bdf,seattle,11,3,0,2691
6321e091-a4a5-4e2c-9bfd-1a17075b3df7,seattle,18,4,2,2517
638172ab-d1fa-49ce-82c9-5ae575657aff,seattle,17,5,0,1301
63ac4b29-235d-41ca-86eb-44061a9c4118,seattle,39,10,3,2358
63c5874e-8082-45a5-8717-27aeae205eca,seattle,799,155,706,80312
63d4d3a8-b2dd-471b-8a77-402c688057e0,seattle,59,12,9,4745
641949ed-63db-419e-8c85-31b615510b9d,seattle,44,31,10,464
6442d23f-c92e-4df0-8e89-6e906c7c8499,seattle,14,5,2,3484
65662007-d283-43bc-ac86-265c3fa00c6d,seattle,56,9,5,2580
660bec04-1444-461e-a502-b1437165ac5d,seattle,53,7,0,4843
66932f30-f799-48c4-ace3-709255bd71e2,seattle,36,9,0,3475
66f6d727-bb32-49f0-8017-d55aa575310b,seattle,24,9,63,1652
676f878c-26e3-4d2f-8e7b-9216ca8cc0b5,seattle,17,4,0,3511
67931539-0cdc-4839-bbca-a40a18e517be,seattle,27,4,0,2088
67e3ceac-ce79-4203-be4a-ef3ff526f604,seattle,132,47,203,17030
6809bd6e-605f-4861-bc49-32e52c88c675,seattle,1307,379,17,63907
68884e25-b0a4-4e6f-a624-fb807656c1c5,seattle,74,16,179,5761
68a7c347-7bba-4059-acb8-a7e7913d75b9,seattle,17,8,2,3614
68cc8f94-f364-42bf-a91e-c4f078d35dfd,seattle,65,37,66,12063
693c2127-08f5-43c6-b99b-df5502869102,seattle,79,27,287,12650
6ad1203b-9ec4-4c6d-84a1-1590cb47f043,seattle,69,33,42,5336
6aea3bab-dc2e-4dc6-8985-21873723c3f4,seattle,78,18,154,9898
6af12f89-bb50-4053-9a5a-184cdd17aea6,seattle,58,16,31,2007
6b7e23a3-6f55-455b-a201-a47b9496ff67,seattle,65,34,62,13608
6bc4b2b6-ee8b-4201-b9c3-a42891c62b60,seattle,20,8,18,1871
6bd6b026-7117-4805-9ecf-52a44a19af82,seattle,24,2,79,734
6c0f27ba-5dd1-4b59-af68-a7f4533ab0ae,seattle,161,52,0,9782
6c77a053-f8b8-45ca-b6f3-26a72eb3efc5,seattle,177,35,114,13366
6d30a59f-20f8-48ed-83ed-fab476fa2398,seattle,66,22,64,11277
6da88fba-d04d-435a-b86b-b68c57ef68c2,seattle,16,5,0,6769
6ea03f92-e082-4946-8a11-13e48b56aede,seattle,154,17,1,9206
6ea4db1a-3ac0-461d-bb70-70c049f9a057,seattle,6,4,5,3696
6ebbc1d4-ddb9-4232-a41d-0bbf74dc44e1,seattle,34,12,0,5653
6ec7e799-b9f0-4c05-bc10-166b55caa834,seattle,113,25,50,5804
6eec69c1-7317-4455-b031-11412de34b46,seattle,12,4,0,3342
6f34ace7-1c6e-4640-b092-2d2aed50b02b,seattle,5,2,0,1157
6f5a2e11-20cf-4df3-9236-d52e0ae4bbfb,seattle,30,7,28,2834
6f7a4f39-dc15-4014-a863-4d49290b9a65,seattle,441,71,194,36139
6fb71d1a-3c2b-4fba-a0d5-3292cf686a36,seattle,2,2,9,878
700f007e-a346-450b-bab6-fcf60c82d856,seattle,20,11,0,7083
70167cf3-7503-4e6d-b223-b85cb0973f6c,seattle,50,8,165,3379
70344e30-deea-42c4-9b80-d7cda4d1f166,seattle,39,9,35,4560
70bd5e23-f7a9-4e39-86ab-a120d5c666e3,seattle,47,7,1,5116
70e2d08e-64ce-40ee-82af-3dd18e88daad,seattle,12,5,0,276
712ffe38-3300-49da-bc0e-402e5e5197fb,seattle,52,24,69,16274
715af4d8-0f17-47c4-99c6-7ef92d94803a,seattle,7985,2852,25464,262799
717a56a8-a7f8-4a98-9b30-c2eab3ae85ff,seattle,2094,253,4200,119758
71ba711d-de85-4ac5-9d87-60dfedb5ee63,seattle,18,8,0,1808
71bd79cf-1537-412d-8eee-08218c170277,seattle,69,27,217,2159
71ceecf7-1795-4088-ac0a-2a15cdabdedb,seattle,177,56,4,21042
7219e0f9-698d-4a8b-9989-4d1e31801c67,seattle,46,32,20,6493
72f670e4-cde9-4b1e-ad74-f8ab5726cec5,seattle,84,23,273,10560
73271d38-be64-48fa-9c0b-de4a6ec64b7a,seattle,10,5,0,2134
7373e8dc-c674-4c3d-b4d1-938287094d86,seattle,48,14,0,5373
73b34041-60de-43fe-a843-6d3e4df4a0ef,seattle,27,5,0,514
73c5ac6a-1670-4f94-a619-7350c7ad49b6,seattle,64,18,126,8017
7486977c-f91a-4ce0-be11-c0c8a0b38e12,seattle,6770,3438,1101,720482
74a9aced-27dd-4967-b1b5-f1b7502adca0,seattle,186,56,562,45657
757d90ed-40e0-4548-b1fa-a0cfb1a68ba4,seattle,23,9,0,4917
76679fed-88b1-4378-b3b2-c8d69c628c27,seattle,933,171,9,28283
76940123-0122-45db-be04-9518d0c4e62d,seattle,135,23,221,17951
7729345e-3ff2-4972-90f6-baf52cc0a13e,seattle,143,46,36,9767
774ad26a-c773-4173-a376-661d1c116134,seattle,32,22,39,3653
776538a3-f510-4e84-b270-7b1a1f472483,seattle,59,13,22,7931
776c932c-6c9e-4332-ae13-9d4b10d39989,seattle,22,5,53,4517
77b3e2eb-7bd8-4e32-a008-7888a392b901,seattle,31,10,53,3790
782b93ec-a645-444c-9098-cf63e83abdf5,seattle,13,4,0,1955
78344f38-c58e-45e0-93d5-505bf5a813d6,seattle,80,18,197,4250
78688e98-0d11-4658-9ca4-347be5d3686d,seattle,23,8,0,2939
79115111-be1d-4dfb-b603-152defb183b5,seattle,110,30,45,16759
7918b889-bf48-4586-ae8a-34ff2415f57c,seattle,15,4,0,929
797ecce6-da6a-4be9-873a-0e4c7a7b9cf7,seattle,31,9,31,7812
7b1596af-14d4-4f2b-9e4e-71b1884db836,seattle,3395,1149,4727,118670
7bc8e0d3-e465-420d-9983-82252eb1e029,seattle,40,23,103,19014
7bd9b947-b59a-419c-b32c-1f4e62a41f96,seattle,13,2,103,1262
7be92b4c-1107-442a-b2ca-3b31efd62631,seattle,18,3,12,2011
7c26046f-893d-49f3-a8ef-f996c58d4cee,seattle,102,46,153,6441
7c8d6857-9481-4bed-83f6-0b0b0377fb6f,seattle,80,14,14,2705
7cb17df5-0fbe-4c2f-8665-31f7f2db1e08,seattle,72,27,15,16899
7d4d515a-28ac-426a-9439-8013149d074a,seattle,38,12,4,3743
7d65ec0f-4ba8-4895-abfb-eb75fab3104e,seattle,3349,1215,253,443918
7d7e8b4b-7d4a-44a6-8162-55c8e0c51244,seattle,12,5,0,2686
7dba7428-f3e6-4a95-bbb7-3e9be5b32af7,seattle,71,11,0,5482
7dc864d8-9ce3-4770-9d53-067414a26952,seattle,373,63,293,13297
7e87b104-1b6d-4b3b-bde0-1733f7463dab,seattle,323,95,437,44728
7eb1151b-d737-40a6-a9fb-72834b6e27c7,seattle,110,35,101,2689
7f315f60-1455-463c-97a4-ccfd96881222,seattle,16,3,0,2818
80258d2e-9826-4009-aaea-259838e8c303,seattle,38,11,45,3398
8044d277-edfd-4108-9146-6594fb503dfc,seattle,12,4,0,1672
80814c75-1114-4907-88ed-a90f768b9a9c,seattle,104,53,616,8013
809e6445-852b-4a0f-87e7-c46d8b06443d,seattle,41,11,275,5893
80b9ab29-c7fc-4beb-b039-170b124997b4,seattle,83,33,127,5414
80e67d88-fd68-4ed5-83df-5f8ccd6f1602,seattle,20,4,0,6787
8101c132-7c52-420b-b318-e17098935ffa,seattle,12,4,1,1729
816691d3-8fca-4ea2-9383-0de644fdf2b6,seattle,147,32,32,20194
81715a51-b20e-4037-8e93-16c5a4f7cead,seattle,70,30,3,7188
81ef8000-218e-4a4d-bd4c-fc2eac1990f3,seattle,632,130,2161,43525
825150e9-5c2d-4392-aa92-0d727c24c45e,seattle,21,8,0,2677
838b2941-4c8e-4b9f-aee5-d2153911c7a8,seattle,46,14,220,5969
83a42e70-e722-4245-93d6-28ffa1e30555,seattle,105,14,16,3787
845e3e48-ea54-4c41-822d-8a40083014aa,seattle,16,11,0,2545
84d2faaf-9e40-40ba-af2e-1a6ea798456c,seattle,26,8,1,6630
855f4eb1-cb2b-4ef7-acfe-64706888d471,seattle,22,9,0,4538
85740b06-5015-4b78-8cd6-6b53bf494e3e,seattle,25,8,491,5064
8586d01a-353c-4388-868c-83e90aacef9d,seattle,50,24,0,2634
85f5ddba-bdc5-435f-a246-626c448ed9d4,seattle,83,26,103,14951
867e46bc-fe8a-4590-81f0-22d42f7e7fc1,seattle,231,20,62,8216
86d26e9d-010f-4802-88ba-680ae0a8e20d,seattle,2502,906,3333,105959
872dcf02-f078-4151-8a2f-faa2060dd5cb,seattle,67,11,24,22462
87833d72-b357-4e2c-81cd-23f58ff04c59,seattle,671,313,2373,59427
8789dea2-9e46-49a6-9026-501052357a97,seattle,9,3,62,1506
87d7b9b1-826f-451b-8252-c685f9deb37e,seattle,346,164,149,25431
87f24f89-61a6-486a-8b1a-6fd092ad7240,seattle,80,16,77,8684
885d1abd-5c6a-4ac6-b146-eff7ebdfd42f,seattle,20,6,0,8226
88c31570-8f92-45ba-acf6-2d7249a4db38,seattle,31,8,0,3869
88e2440e-91b8-4f6b-86a0-db79172dfa65,seattle,63,13,3,3372
88fa134c-2aa7-4815-a7f3-a631fe9400a0,seattle,58,7,88,10084
890a4023-454c-4acd-a615-2c7526120009,seattle,21,8,149,6641
899c1f0d-279e-4c34-8b77-628aec00ae68,seattle,56,16,284,10233
8a2045e9-076e-4c2c-a4d1-d12c4154af04,seattle,193,69,510,20325
8a471c0f-fa81-4c57-9b65-bd04a92c6a5e,seattle,637,114,37,7976
8a4f6064-19f9-4de3-b7f4-b156b2c2c180,seattle,258,71,0,58674
8a776dcb-8cda-4fcf-bcf4-cf1f9f369108,seattle,89,14,25,3392
8a84d5e0-2193-4fb3-877e-0a7cc38fe47c,seattle,19,3,175,1693
8a9edb49-44c9-43e1-b7b9-a91a4d8b522c,seattle,183,19,50,2497
8ae9f0fc-e33f-435a-bfae-3d43316ddc69,seattle,93,14,4,3328
8af51a6e-05cf-4f43-8456-8312decbd1c8,seattle,10,4,4,1699
8b57878d-8187-4c0a-b7f2-9a661d264985,seattle,113,35,0,7257
8b9c4528-e76a-4d19-997c-4e46704ca936,seattle,307,63,241,12522
8ba4641d-f661-4351-8f20-ff86057a8b16,seattle,6723,2632,474,788000
8c139376-e902-426f-a873-f239a4393804,seattle,31,19,178,9093
8cc36238-cc6a-4e31-926a-e6ed135a0aee,seattle,19,10,0,4703
8ccc852a-26f5-4a17-bc5c-e8aec4bd74d5,seattle,105,21,30,8340
8ce29a97-e72d-487e-a7ce-046034ddc3f7,seattle,26,5,2,1856
8d1ca973-509a-4e20-9cb6-cf75d32bc5de,seattle,107,12,87,8699
8d7185a3-487b-444a-a835-5412929f398b,seattle,24,6,33,3118
8e746ac0-b078-4ea0-a688-eafeac249783,seattle,54,24,203,4385
8ec1b83e-d2f3-46a1-85a9-8ee42d52e420,seattle,18,7,0,1241
8edccafb-931d-4196-83c1-d770efab55a7,seattle,40,14,0,5358
8fe32410-fafd-4557-91bd-c4bdb7180be0,seattle,21,7,0,1822
8fee4474-d793-4bc9-b5b6-cb48e5481f96,seattle,18,2,0,895
9005a64a-fa73-4c84-b08b-b61eece1b9b7,seattle,2078,491,8348,171812
902cf20a-1383-4708-907f-e4c98b412772,seattle,62,6,2,2430
9047ac35-318e-4810-a601-bc658e63b3ab,seattle,67,16,23,5229
90774218-5f40-4b08-87b1-0816996f7cfa,seattle,33,11,0,8252
90ae69f2-fb94-4c39-8cb0-59f522f8fd93,seattle,138,31,41,3053
90b74664-17cd-484a-9242-6cf89283604a,seattle,181,22,167,25150
90df72bd-3f5b-425b-a5eb-64d1c1ed10ee,seattle,36,21,23,7554
91187625-0ac4-4b2e-b385-0ad9f4a5ee59,seattle,17,3,123,6114
91376904-0b1e-4a89-a83b-fa5d9c52f20f,seattle,194,82,60,8262
913d5960-9db7-49b2-9875-95e009050754,seattle,704,195,607,30141
92d6ccb1-e5dc-4144-ad2f-8e6ef808e521,seattle,99,51,56,2924
939b6faa-0b57-4160-bcc2-d11fd2b69d9f,seattle,825,323,1642,44345
93db89fa-4f5c-41bc-9d8f-751f146002b5,seattle,141,15,54,13269
946f6ef4-a1ea-43cb-975b-75ef115b812b,seattle,25,6,1,4822
9513a46a-38a7-4496-8fd4-5de490ae725d,seattle,16,8,0,5275
95b778e8-26c2-424d-b879-07c558bb9b20,seattle,910,171,261,30724
95b9bdf0-f480-4ac6-b5bd-6b53842d963c,seattle,269,18,0,14828
95f9e0ca-a9ec-4eb5-8369-324ec24eea30,seattle,30,9,28,3251
969228d4-a591-4b35-9f2e-30999f24eb60,seattle,13,7,2,5408
96ec6133-235b-4489-9f67-1681d153c4be,seattle,165,14,29,7891
96f11fea-2dab-4960-ab83-f489545ed115,seattle,63,14,93,1982
96f58470-9b4f-404e-a91a-39a6b826caf2,seattle,14,7,79,4610
98879693-84d1-4cbd-a8ee-8e301a310e66,seattle,58,22,74,4614
98d51e47-4750-48fa-9c9a-253dbb55ff16,seattle,17,6,52,4034
98ed7ea1-fc7f-4c5b-bba9-93cf1924261c,seattle,7,3,4,1011
9913f4eb-1ef0-4ac4-87d9-54bf27f498e4,seattle,51,8,101,4420
99b9e3b5-a74f-4be5-99fc-fc69d2856449,seattle,40,24,1,3521
9a04ca0b-b649-43e6-aaf6-fd567a89d92e,seattle,22,7,2,4396
9a30e15b-c0bb-4e11-b801-bbab5da9c789,seattle,358,99,62,25713
9a75f7b6-fed0-44d4-8474-79b983d5f1e4,seattle,20,14,0,5399
9ab48ccd-8a95-4a4b-a0dc-90e1e7d709b6,seattle,21,3,7,2334
9ac5c4d5-66e5-4067-888e-de80d632ce0c,seattle,105,23,189,6353
9b595ba6-529b-4d37-93d7-dd189184e15a,seattle,247,108,39,28911
9b9afaab-8fe9-4d11-ad19-d1803b97fdd5,seattle,36,9,13,2613
9ba46eee-1147-478f-86f6-1707acf3441e,seattle,5,2,0,4422
9c7b2610-0194-4569-9d35-d266d2772d22,seattle,37,6,3,3896
9cbf7140-055d-4813-a365-0f238a6f57d1,seattle,95,37,87,7420
9cc2331e-442c-4b25-9350-91f58c63ad87,seattle,20,6,0,3900
9cf59c66-cc1e-4ee9-bc40-489a7c7d9201,seattle,258,44,157,8167
9d5b5dcb-291f-4133-88e9-a7dee0ba00fe,seattle,460,106,496,41475
9e850653-6ba9-4f54-bd4b-6e33693f3834,seattle,69,22,11,6906
9ed0fd84-745f-44be-92aa-d2d6f10365e7,seattle,38,23,930,2441
9f1889cd-dfbb-4be1-bc75-cb356b2f7abc,seattle,71,31,454,8206
9f5744cb-5b96-4a5d-b49f-7c6d0ee3bb89,seattle,22,6,2,8957
9f5c49e0-de13-453a-bc1b-45dc0452f13b,seattle,18,5,38,2349
a012c487-31f1-4083-8954-6a7aec8c2a19,seattle,16,4,14,4222
a077424e-1dbb-4553-878c-55303e2459ee,seattle,76,14,17,6428
a099e5dc-a57f-43e9-98eb-7d78bebc02e3,seattle,263,8,366,16504
a09a1c86-6e6f-407a-bfe8-c0f314c21bad,seattle,199,32,16,4772
a0c77215-8176-491a-be86-8feb041a4b80,seattle,94,42,40,6732
a10798f7-3892-480e-b6be-4cba1a7d345b,seattle,30,12,0,1667
a148b479-e226-4321-a22c-18424153c2fb,seattle,274,111,57,11283
a15fc20f-a4e9-49e4-b4bb-5376c4a89615,seattle,105,65,516,15821
a1798b4c-3510-4d81-b2c4-57b82cca3630,seattle,31,12,47,4499
a29dd463-ce56-4560-9dac-9fc217784ecb,seattle,45,14,8,5874
a2a3e73f-7944-48a7-bfa1-d85208459224,seattle,47,7,84,6462
a3195db2-6d17-43d8-9ebc-f96dd1ddefe1,seattle,56,28,61,5756
a31e6df4-a44b-4bc7-93a7-2bf0d9032cf4,seattle,10,7,85,1686
a3270504-0c49-4024-9c8e-331d2b2cd666,seattle,30,11,0,3262
a38eadfe-8227-40e7-bdef-9a3a682acbdf,seattle,42,14,0,12193
a3ebbda2-a948-4e45-b1bd-23662213af25,seattle,25,10,68,2952
a4d72d1d-009c-46f9-8d86-557a74a8174a,seattle,63,9,234,2201
a4e1a018-2455-442b-82cf-f7ff8a90a19f,seattle,21,15,0,10755
a512d90a-b5b4-4172-88c8-4106805800ff,seattle,159,52,351,7233
a5d2deb2-0454-43ed-bc56-a7813fed2e96,seattle,61,22,103,4661
a5f53cea-e024-4682-b18f-d8d3a8368e80,seattle,17,3,41,2954
a6206d9f-ae63-4624-b88f-47c8651da5e0,seattle,149,32,90,20468
a65327dd-dc7b-4983-83b2-07cd2c3de53a,seattle,54,19,982,11511
a6d69a3b-dbc4-4fcb-bf13-87441052e614,seattle,3887,829,194,243234
a7cd4760-382e-4256-9305-5b11e008830d,seattle,90,20,95,10832
a7dfa770-211a-4257-9a2e-a401b8a6ad54,seattle,81,11,63,20303
a7f75301-9e4a-4802-9fcb-5b86076c9dc1,seattle,15,3,3,699
a7fd02fb-70ee-4683-b8f8-b7c9351128b4,seattle,43,16,493,9237
a81cdd43-4f7c-4e9a-91b4-24157797c974,seattle,104,20,4,8607
a8b6d143-549a-4675-9873-ad1ffc504266,seattle,27,4,20,3327
a8df69ee-d0eb-4d33-a99a-719d04679e0a,seattle,36,8,21,5129
a9868a29-ac0d-4e04-a775-1dc08d54d2ee,seattle,81,42,253,21264
a9b10b65-7529-4133-87ce-505ee92f762e,seattle,99,15,2,4675
aa509026-5b2a-4512-a1f5-87f06d9a029e,seattle,39,15,2,8902
aaca07f6-7231-48c0-932a-37946f1b8009,seattle,21,6,49,4847
aae83478-3dc7-4311-90ff-202df29a42f3,seattle,10,3,0,378
aaf5f6c2-5453-4f2b-b0f4-344848f40f29,seattle,45,18,10,4849
ab6070d8-35e0-46a1-8a2c-6e6f9175748a,seattle,73,44,46,20433
ac272eb8-3bb3-4260-9960-8e6c463f3867,seattle,1237,382,1534,119807
ad4fb5be-c7ff-43f2-a06a-d019fd59f5e2,seattle,25,9,54,6487
ad77309c-011b-4a83-bffd-5b1a8f5c7b35,seattle,19,2,293,2364
ae31aad3-8c01-4042-8b34-b60a2d139107,seattle,12,9,1,2453
ae3df547-bdff-4911-9642-6ba145697013,seattle,3,2,0,434
ae6e8061-3999-4c1c-a77d-e757f1cf2690,seattle,39,18,91,4483
ae6fa5fc-6700-4427-899f-67f25e192917,seattle,42,18,256,5030
af028a0e-75a6-4d37-a213-ea5f672fc2ed,seattle,70,8,0,8526
af099e3a-4583-424e-b3d7-526c7723ce7f,seattle,79,26,8,2444
af4c486e-55ce-4a10-82c9-66625cfea7bc,seattle,222,30,75,15678
af692260-8014-4357-8aba-9f479bf51482,seattle,45,15,0,7028
af812204-1521-4c42-bf88-4baaaffe3f06,seattle,9539,2507,16012,280951
af8d0c23-184c-42c5-802a-6c88e41becfd,seattle,70,20,32,7088
afce2706-3799-415c-8639-fdee81935579,seattle,58,14,4,6553
afe03cd4-d05b-4c17-931c-33e0feff914d,seattle,21,12,7,3533
afe1b8f5-4151-4c4b-ae5e-4afc5f782cf3,seattle,68,8,63,1509
b0bb7feb-d403-4c5a-84a8-895d6105538e,seattle,144,31,6,12987
b0befb65-23c4-442f-8e83-e227cc0a6b15,seattle,616,123,871,28571
b107394d-f80c-4d4e-8bf1-2290cacf3822,seattle,42,20,131,3208
b125e16d-70db-4855-905d-48542b2655e5,seattle,107,29,192,13663
b267facb-5465-4aa0-9890-80ca03b90275,seattle,75,17,380,3295
b283b7bd-07ef-4fa0-855b-7019c621853e,seattle,26,11,7,4971
b33086d8-7aa0-43f5-ad67-b88a793831f0,seattle,85,10,26,3253
b4095f4a-a44c-409a-abd7-d8714f610073,seattle,60,15,341,6122
b442f1e6-b76d-449f-aab4-7fbd10076b28,seattle,41,11,92,4071
b443a423-f32b-4eaf-8ad7-810c3250139a,seattle,117,28,160,12608
b4c509b4-e191-407b-980f-78a80e80dd54,seattle,66,7,202,7867
b5370cb3-b7e3-443f-b74c-307f8782ecfe,seattle,32,5,0,6284
b6412315-d45e-4773-b1a3-cf4d8c14f07b,seattle,32,8,58,6278
b649a20a-a7c0-4f3c-b78e-732528dcd2cd,seattle,76,13,96,6420
b6cfb689-324a-4d27-8e0e-7a98c543936c,seattle,22,5,73,2550
b6ebd70b-b04c-4c21-8262-3ce713103ab3,seattle,118,29,20,7561
b7858517-172d-43be-897b-685f264996ab,seattle,10,3,0,2855
b7d03a6f-5e20-49a1-8292-0e181d2a563f,seattle,23,16,2,261
ba0d1560-1cc0-4e9a-91a8-c3e8aebbdc83,seattle,30,13,4,3470
bb64c416-b0bb-4a5b-b369-00f2a56fea3a,seattle,2480,582,1278,94899
bbfea9ff-7bf5-4ffe-a838-c3a20a5fea1c,seattle,21,5,29,1229
bc23d824-9b04-49c1-ae7b-59b5f8e7a811,seattle,18,8,0,3529
bca24c1a-a6b1-4625-ab8e-9ff8693022d7,seattle,6273,2995,8043,255912
bcab54f5-6904-4931-94c2-c58a404e4896,seattle,41,13,68,2297
bd1cdb42-d1ef-4ec4-90b7-e6ac5679ab63,seattle,35,9,95,2939
bd22453c-9121-41a3-9031-f40e41b407bc,seattle,57,6,54,1770
bd756ec3-bc62-4fd5-ab06-d0267699a164,seattle,21,4,0,4798
be827ba8-cf1d-442e-95aa-fd5737a5144d,seattle,20,7,22,3030
be8db239-0256-4e84-8a91-9b75f03217c2,seattle,12,4,0,1555
bebca9f7-b135-44aa-984a-f7b0d39dfee3,seattle,24,13,24,1952
bef7550b-076a-4391-89d0-9665c4bdce5f,seattle,77,27,281,10130
bf16418a-4c99-4fd6-99c6-7e8b40fbe17b,seattle,4140,1019,11155,195294
bf5c12c7-13ca-44d7-a700-3ddc52f545ef,seattle,129,16,0,6212
bf84d5db-bbfc-464f-97e7-e4d2895fefec,seattle,518,76,297,38509
c06da857-76a4-485a-9bdd-bbbccc359593,seattle,12,4,9,2311
c06e18c5-7c7a-4c9a-80a3-83cf35f37a40,seattle,629,161,119,32346
c0ed3c03-a927-47ad-8185-af5b023ee6ee,seattle,23,8,0,573
c1342a0f-dc05-4749-abf8-db4143be33da,seattle,89,36,191,13690
c22f6bcb-2f02-4406-bc6e-1b9399072fe7,seattle,21,3,0,1458
c28bbaa5-2401-4e6f-a74d-c6e10e8cedbe,seattle,101,18,54,12389
c2a98ae5-8471-4235-9c8b-bc77bc2865c5,seattle,20,8,59,3526
c2dc19cd-6c90-42e1-bafa-41914c253f5d,seattle,191,55,184,20888
c3adb148-32d0-4af8-b1af-321455c731b6,seattle,53,25,96,7701
c3b86319-6960-4c81-a1cd-7ca15ace1b8a,seattle,20,6,0,2850
c4032a46-55e1-45f0-9a2e-c49d1306632e,seattle,57,7,81,6538
c46b6730-1fb8-4de4-a349-f35f65967f9c,seattle,120,13,0,6983
c4738c7a-dae4-4f8b-9b84-3d3bae94aa10,seattle,65,22,620,3780
c4ba4d40-3811-4e61-9326-528e8f4d220e,seattle,26,10,82,6772
c52f2978-6ee4-4bb3-ad75-968922d601ad,seattle,159,28,9,8645
c58146f6-3273-46ec-959c-ddf1f943ff36,seattle,38,11,65,3423
c628bd0b-9d28-43d2-8cf2-7d704f1de4d8,seattle,139,17,37,2274
c68eb45d-1b80-4930-bc29-b659c18931d7,seattle,37,13,81,1800
c6bcc013-3f66-4e3c-bfad-f7ff1fea89ca,seattle,15,3,0,6747
c7190807-b56e-40c5-b96e-49dc8368328c,seattle,420,176,157,41380
c71dbfde-d9cf-480a-88f6-11468717d691,seattle,33,16,83,1305
c72967e0-462e-478c-a30b-9b983a2591a5,seattle,58,23,199,8832
c742c954-90f2-4979-a287-0a61b16db5ab,seattle,25,12,354,5926
c7b646cb-a9ec-4103-a747-e9df32f09972,seattle,417,91,483,27348
c83aa162-6050-448a-91e1-f5ab91d32809,seattle,63,27,43,12560
c936310d-84a7-4b0d-83cf-41327b681811,seattle,131,18,9,5060
c999700a-b593-41f2-89d7-9650e04068dc,seattle,34,7,157,3814
c9a73ea7-6f03-44a9-b292-8632c377ae3e,seattle,16,8,0,1317
c9fb024c-984c-4637-993d-3d8a2f6fd422,seattle,51,37,0,7277
cae0bf84-5439-43b4-be39-af7861423fdd,seattle,92,16,30,7622
cb1e800d-0d0a-42ef-a983-fb2918434e65,seattle,17,8,0,2021
cb5478a9-fe30-4695-85e4-f7308dad601a,seattle,34,17,85,1716
cb576630-d8e8-4caf-b856-0c60ef3dec62,seattle,44,11,32,5132
cb98e9ec-062d-44e1-a377-1b1b3016ae8d,seattle,22,5,1,1347
cba95ec1-1409-4c58-924b-fac13ed45679,seattle,33,2,0,3430
cbd6bf74-a6d4-4c5e-a6db-ddf2840694d6,seattle,14,3,0,1443
cbdba4bd-c537-46c1-b08d-fff21c52fa3f,seattle,17,5,0,9220
cc0ae2d2-82fa-4fe9-b80d-322e13e877da,seattle,117,29,50,20704
cc752440-fd42-4e58-bc62-e7bb3cc8e62d,seattle,16,4,9,2270
cd3f4580-462f-4c11-a132-6b65e36e0af2,seattle,428,90,74,79816
cd45db93-9b49-4f10-b131-85d78542c88b,seattle,81,13,60,3196
cd8d764e-490d-4ca4-9661-512ac08bcf35,seattle,10,4,0,1985
ce2a540c-1519-4be2-9d19-c57872816314,seattle,76,19,63,5730
ce4f8d6f-be3b-4e77-b1ac-854820d36153,seattle,132,14,15,10006
ce5bfe65-0ea0-46e8-abac-14e38290f995,seattle,17,3,0,457
ce84196c-45fe-435d-854c-99986e2ac9c4,seattle,160,50,256,18987
ce993fd7-3a84-4155-acb6-f4fa5d5c8d2b,seattle,78,18,0,6066
cea9e332-0eca-40e2-84bd-8918b6bc9a1c,seattle,79,18,238,14024
cf052cf2-ea8b-474c-8e9f-aa600bb1ad65,seattle,23,8,0,674
cf403757-6b9c-4c03-a51d-1f995abe8185,seattle,27,6,34,21098
d023103b-1607-4efa-97d9-083b057da624,seattle,29,4,282,2679
d06430a7-f741-40b2-bd15-2c8ea742cca4,seattle,39,7,127,3079
d0a9beee-5a86-4968-87ab-e9505311d6b0,seattle,54,15,376,4442
d219b5fb-fed5-46b0-907e-e2ff549ab80a,seattle,21,3,0,3226
d232fb1b-5859-45e3-8fcd-cd9bcfceef4d,seattle,128,21,3,27197
d2352eb4-f6a4-486a-9191-e5df49f3f630,seattle,37,9,46,6505
d251e969-bf10-4816-ac5c-8e2c238f5b7e,seattle,18,6,69,7403
d28773ff-5d91-4bdb-8609-26ec40e9929e,seattle,60,25,42,5957
d2b04e27-13ce-4aff-a06a-7c7147c96696,seattle,1804,479,2246,178792
d2d41e99-a5d3-4320-b73a-99aba44437c0,seattle,11,7,0,4889
d3636d4c-2d16-410c-bf44-c066ecaf1c31,seattle,1515,359,1551,76555
d4015aab-a891-4f10-a4ed-b58abb2224e5,seattle,21,10,0,3772
d44ec903-f41c-4644-a8e4-f2e083da41f3,seattle,452,199,887,74016
d4adb1eb-4ecf-40d4-8ee6-8f23df4b0c05,seattle,37,16,78,6852
d4d5f6d6-3f75-4976-a633-7d3e9d2e5c1f,seattle,66,28,579,4983
d52dc403-5474-4140-946a-74a09070835b,seattle,39,18,189,4880
d5e1a7c0-b593-4246-b32f-b82136c4accc,seattle,116,41,29,17910
d630897c-5f5a-4338-b7af-f4c225eb808e,seattle,68,23,413,12113
d711b30e-6127-461c-bb6b-a761a4812bda,seattle,34,6,67,10501
d76b0c4f-573c-42d2-851f-959cfbc3976b,seattle,25,8,5,4405
d7c25682-6a75-4346-818f-0099909e37c1,seattle,9,3,1,1031
d7d2428d-1d64-4513-ac85-f869ff9ded7d,seattle,45,17,390,8241
d7e0172f-3d59-44e0-ae32-64f3b9015c2a,seattle,28,7,100,1528
d7e3d340-ccaf-46fe-96c2-f00ba2c21707,seattle,35,13,0,2431
d7f9398e-b348-4e9a-95c1-d5b307f941c2,seattle,64,10,95,5868
d8ca6ac6-7dcf-441f-80f1-083c141162f6,seattle,43,5,495,2801
d925a9e3-d171-48ce-a3c8-44b82aa69cfe,seattle,48,22,315,4215
d9344b50-70da-4f1f-a788-4c8823d2c4af,seattle,50,7,2,4485
d948b1d8-9d36-4112-9ed7-48711c8d1a7c,seattle,353,66,330,47677
d9a2cebf-0500-4bcc-bee6-38c6537261c6,seattle,387,134,871,12756
d9aaf6f1-beb2-4105-ac93-c9a259246741,seattle,45,9,31,5232
da016cec-d8de-459f-922c-fd224c2ebce4,seattle,114,27,254,18189
da22da5e-d9af-404c-8ccc-610c1dec77de,seattle,23,4,90,1198
da5f0afb-cbbb-4672-95b8-3dbbc900724b,seattle,184,23,68,7329
da775982-cdb1-4676-95ad-f2f6919be5d2,seattle,2447,840,102,246717
dada416e-535f-4bb3-a213-172a8a94b581,seattle,264,78,534,56313
db0f19d9-8f61-475c-960f-8427e7eccab5,seattle,47,12,0,3330
db255bdc-2282-4e23-8c87-41f09147ca04,seattle,65,11,7,5494
db342554-2daa-4834-b5c0-c14093c0927e,seattle,31,7,0,1588
db8156bc-0d00-4f04-b37b-8afeae49ac15,seattle,48,9,250,3357
dba3f80e-25eb-4815-aa4a-d23dd7123bb5,seattle,22,9,0,5801
dc2734aa-9c5d-4900-9a14-16ea0d366c82,seattle,221,49,62,27155
dc73a7a8-1912-4c37-9db6-43451994f7dc,seattle,207,24,9,5657
dc77e67a-57fc-4da9-ab0f-f27742268047,seattle,22,4,33,1855
dc9b7a1d-bd25-4ee5-809a-912f7495fba2,seattle,93,6,84,2051
dce5984b-25d9-48f9-b8b7-640202b3be3c,seattle,511,139,1702,63740
dd10a183-4ec6-4d5b-ba1e-160bf00f29d4,seattle,75,31,71,1869
dd6ff285-89f2-4273-a761-ca83c4004e3b,seattle,70,18,166,4615
de102fb2-61f3-401e-9915-e0e2c5162dfb,seattle,160,9,33,15715
de332250-5714-4b6b-b9f1-70c480c2378b,seattle,102,19,26,13014
de8b62c6-4005-42a0-816a-1fa835b125db,seattle,26,10,0,2938
de973f74-93dd-4cd5-9570-f1038592331a,seattle,49,9,77,4437
debb96b8-2b08-4b93-9d62-431d0cc87dcd,seattle,47,11,87,3463
dfffc059-6649-430f-965d-4040138468e3,seattle,230,33,20,4416
e00b3150-0ddb-4efa-a0ca-c1c745648441,seattle,63,15,0,4820
e0553cc7-41e3-48d2-8a78-5e4d5a5735dc,seattle,119,64,23,14324
e0b3316c-6d15-48ab-9bd3-3eceafc14059,seattle,95,11,324,10828
e1103a7a-35be-4a5c-a467-011ac4e35bf9,seattle,34,4,6,3996
e1df98c4-75df-4f9d-81e7-2bc4ba5e38ff,seattle,262,14,0,15563
e272c3a0-0ecf-4291-8854-88ef9e3b9f4a,seattle,65,13,281,6032
e277369c-38bd-4d01-822d-e8e653bffbff,seattle,126,12,20,5155
e3c899e8-b9d4-4393-b047-bdaf61b229d0,seattle,63,16,0,4619
e46bebd8-8e5c-498b-adcb-72210a9c4b4f,seattle,73,7,0,10853
e4c1cb67-a997-4e71-a435-bfaf6e84c353,seattle,42,13,77,9117
e4f12c38-90ab-4b90-ae1d-e469dbed5ace,seattle,19,7,98,2667
e4ff325c-309b-4ea6-8555-8f973e662362,seattle,1922,848,9265,194319
e5540dc7-88a6-4165-a8b5-82693ba3cbfa,seattle,19,6,0,2794
e5681cb1-8686-4d73-87ef-6e02926d1e07,seattle,173,46,67,7271
e5d90449-cebd-475d-8335-ab3aeda30917,seattle,21,5,3,2545
e6953769-ef1b-41ee-894c-adc172c7b416,seattle,30,18,364,7653
e729cdd5-25ba-401c-bd99-c193f189261c,seattle,21,4,148,5026
e77d2f59-a6bb-443e-81c4-0c70bf52230d,seattle,128,37,62,3264
e77f93c1-1a2c-45db-9650-a98f1947fd14,seattle,130,48,153,13759
e80c724a-067a-4912-a7e0-3445e670b087,seattle,27,4,0,1455
e8503432-ad52-4e7f-948e-6d9e8005839c,seattle,63,24,480,9487
e8513f77-762b-4438-bee2-05ff4cd3e13e,seattle,100,27,165,8987
e876a964-01dd-4e44-8f3e-df744a7a7e25,seattle,150,95,254,42669
e8b5f3d7-bf0b-4af8-a430-3099591ac460,seattle,14,4,35,7228
e8bc0049-cc2a-43f7-bad5-70ecd17abbb0,seattle,52,20,374,4138
e95746f6-1e08-473f-8dfa-fc836abb1e41,seattle,103,19,21,2020
e9bde3f9-a7bc-49a2-b2c1-1a77c38eeb1e,seattle,3,2,0,2852
e9e3a214-c733-41a9-989e-51b0ae705626,seattle,101,43,41,8683
ea089435-0731-4ba2-b130-acaa26d9c444,seattle,67,22,165,4901
ea7985e2-61c3-4c65-844d-a66ecc531bcc,seattle,20,10,3,4360
eb0f5f0e-6134-4a73-b9f8-b239a187550e,seattle,42,6,0,2631
eb3a0b8f-92d8-4e1e-8f6a-e32c2c0e382e,seattle,37,11,18,3478
ebcaab58-b730-41dd-851b-04079d6b3caa,seattle,111,13,298,31028
ec11c059-2d2a-4d12-9ea2-d2af26a2a711,seattle,51,15,211,16289
ec15a589-dd14-4513-a43e-8c06e55f4c71,seattle,10542,3188,11485,430497
ecc39c41-5c78-48f8-830d-9021ad7c8345,seattle,59,9,488,5368
ed8ca949-ab56-416d-a146-84b44aa827c1,seattle,22,7,3,2412
edce27c8-cf20-4da1-a15e-f6d5ee227333,seattle,61,13,1,3765
eeff2167-1c4e-4719-940e-11534aa13190,seattle,36,10,29,1060
f03701ca-ff1d-4ac2-89cf-08c64c239d21,seattle,34,8,1,8096
f0527a65-0985-4fb9-a4f7-f53e94db998b,seattle,18,8,178,994
f099628b-d531-4114-a3c1-68148eb7c2c0,seattle,59,23,229,8007
f0cf6e59-ea98-417a-b02c-c7f18f130de3,seattle,8242,2316,308,520041
f12ca6f1-b2fd-4e6a-9f58-6ef9df0f367e,seattle,15,6,0,1545
f13d2630-35fd-4a78-883d-d108be083425,seattle,9171,2231,9850,261670
f193f5bc-f5d6-4a0f-8bc2-688de0a9433e,seattle,22,11,60,3643
f3019a96-1db8-4d3f-b28e-8b8589a944bb,seattle,11,2,0,1952
f35c4aaf-e263-4b17-923b-1cee1f225784,seattle,181,54,194,19167
f49eb660-1e7b-449b-b874-9742e0eb0651,seattle,86,56,158,6983
f4dd57be-58a5-417e-8fce-07c63b907746,seattle,23,17,1,6810
f50bb700-9daa-48e5-9318-7c5dd97e2a95,seattle,1413,138,423,40261
f5314ef9-3877-438c-ba65-ee2a2bbbf7f5,seattle,1858,600,253,45232
f53d7f19-97f7-4759-a882-6e4e48e2fdc0,seattle,15,7,0,1507
f5502de5-96c3-4821-81af-eed8a894a42f,seattle,294,38,18,20165
f5ab2ea5-6fe2-4da3-be74-719862f56ebe,seattle,12,6,0,1124
f5b24781-cb90-4583-9cbd-23585477a8a2,seattle,30,18,700,3837
f5b83e37-25ab-4e52-904a-13d6d3e4850f,seattle,197,29,765,10324
f62a5e5f-e67f-40f9-98d6-a9fe6d9b925d,seattle,19,9,28,1466
f666414f-4abb-4fda-9c34-657d1bf312a7,seattle,38,15,123,4405
f683b4d4-d5a5-4b45-a813-07e7316fd96a,seattle,325,85,127,15450
f69858b5-c091-409c-902c-2ae05998a7fe,seattle,20,12,0,2285
f6bae7fb-cc29-4392-a41e-53110a4792ef,seattle,19,5,64,8339
f6c68d14-3768-475f-8817-5f8808275a29,seattle,43,5,0,4725
f6dcc97a-c7c1-4fc9-a760-f9d24c61c0bf,seattle,61,18,27,8877
f708be04-18a1-469e-aa76-b6c760677673,seattle,16,8,0,3448
f7363ff2-e370-4a02-8a30-a3faa7a58763,seattle,38,6,0,3183
f7c88fe1-7279-4257-b163-222530c8e1f3,seattle,125,11,32,2634
f80f7539-3f93-4e05-808b-9dfed7db9e71,seattle,176,32,287,15567
f831977e-f12a-4261-8e64-a5ca2271af83,seattle,95,39,2,11390
f884ba6a-18cd-4a5f-b6ff-a7eb8308869d,seattle,41,21,0,2519
f89f3627-502a-42c5-81af-d1e5ce6ff74d,seattle,98,17,0,3103
f8f26754-59fb-4b11-b90f-cad6bf3690eb,seattle,125,21,71,7366
f942a55e-7fc7-4144-86b3-d09173377b0d,seattle,9,6,0,809
f98c9d5b-98ff-4965-a49c-037deee24520,seattle,5023,449,45,188347
f9f7f1d9-37c9-462c-97fd-d345cf23965d,seattle,22,8,7,3400
fa0bbee4-b98d-4eb3-b6da-d9e9aa287f6c,seattle,136,68,555,22740
fa458407-e271-41ec-8380-9a9fce082166,seattle,41,9,0,4674
fa73512e-5b7d-41c7-b508-c3dfb9808834,seattle,9,4,0,1757
fababce6-ae7e-4377-b2dc-d1b6685d895a,seattle,149,27,89,5876
fb0280c2-00dd-4e7e-872e-ab82741e301f,seattle,9,4,0,1332
fbb46bbb-2273-4e5c-b3ec-b04a9ec6c442,seattle,47,13,26,2614
fbf97dca-b10e-49b0-ba97-966e0e501485,seattle,65,13,496,9330
fc459fec-d0a5-420a-92fe-5c02b42377e1,seattle,110,14,63,11273
fc6b0c36-b15f-450f-89b2-b0957edd646c,seattle,20,5,0,2963
fc7fee17-2fb9-4407-9020-16ca2ee59be8,seattle,78,3,590,4676
fd0a3b72-ef0f-4938-a0e1-69b4a274f99f,seattle,13,4,64,1754
fd5401dd-ab83-4359-8ab4-7778e10241e9,seattle,22,6,11,2350
fdab54f3-436d-404d-bdd6-455e9afd3e53,seattle,30,21,3,3666
fdd004f0-7eb1-4a61-ae2e-8aea7bc98e2c,seattle,38,15,215,8354
fe6eadd3-b972-48b4-8360-14862d2e58b6,seattle,94,13,45,8882
fed79f3e-f388-439d-a2dc-902ae8456a0c,seattle,979,23,14,26700
ff8e045b-c2b3-47e9-ad80-9134a155d7c4,seattle,183,74,28,13764
