user_id,role,n_validation_received,n_received_agree,n_received_disagree,n_received_unsure,n_received_tie,n_received_curb_ramp,n_received_curb_ramp_agree,n_received_curb_ramp_disagree,n_received_curb_ramp_unsure,n_received_curb_ramp_tie,n_received_missing_curb_ramp,n_received_missing_curb_ramp_agree,n_received_missing_curb_ramp_disagree,n_received_missing_curb_ramp_unsure,n_received_missing_curb_ramp_tie,n_received_obstacle,n_received_obstacle_agree,n_received_obstacle_disagree,n_received_obstacle_unsure,n_received_obstacle_tie,n_received_surface_problem,n_received_surface_problem_agree,n_received_surface_problem_disagree,n_received_surface_problem_unsure,n_received_surface_problem_tie,audit_mission_count,validation_mission_count,high_quality_manual,meters_audited,n_label,n_label_with_severity,n_label_with_tag,n_curb_ramp,n_curb_ramp_with_severity,n_curb_ramp_with_tag,n_missing_curb_ramp,n_missing_curb_ramp_with_severity,n_missing_curb_ramp_with_tag,n_obstacle,n_obstacle_with_severity,n_obstacle_with_tag,n_surface_problem,n_surface_problem_with_severity,n_surface_problem_with_tag,n_no_sidewalk,n_no_sidewalk_with_severity,n_no_sidewalk_with_tag,tutorial_minutes,tutorial_error_count
01c123d9-7691-4902-afe5-c2cc198b4ffb,Anonymous,17,7,8,1,1,11,5,6,0,0,4,2,1,1,0,0,0,0,0,0,2,0,1,0,1,5,1,,761.999969482422,18,15,13,12,10,9,4,4,3,0,0,0,2,1,1,0,0,0,,
0211d292-f690-4e3f-b2c6-acc5e0614d92,Anonymous,24,17,7,0,0,13,8,5,0,0,9,7,2,0,0,1,1,0,0,0,1,1,0,0,0,6,5,,1295.39996337891,33,33,26,21,21,14,9,9,9,1,1,1,1,1,1,1,1,1,14.01,1
0247b192-2b3f-4728-86be-91d4d4b29836,Anonymous,10,5,1,0,4,2,1,1,0,0,0,0,0,0,0,7,3,0,0,4,1,1,0,0,0,1,1,,152.399993896484,12,12,12,2,2,2,0,0,0,7,7,7,1,1,1,2,2,2,6.74,1
02a42792-102b-4b4b-987b-9feea6f84a00,Anonymous,16,11,5,0,0,0,0,0,0,0,16,11,5,0,0,0,0,0,0,0,0,0,0,0,0,1,1,,152.399993896484,19,17,1,0,0,0,18,16,1,0,0,0,0,0,0,1,1,0,11.89,1
054db48c-4829-4070-bcc1-68fbcfa81180,Turker,14,14,0,0,0,11,11,0,0,0,0,0,0,0,0,3,3,0,0,0,0,0,0,0,0,1,0,,298.658081054688,16,14,7,13,13,6,0,0,0,3,1,1,0,0,0,0,0,0,3.51,0
05de1cc4-02b3-4eb7-9958-2a4a2d32b828,Registered,62,37,16,0,9,15,14,1,0,0,6,5,0,0,1,24,9,9,0,6,17,9,6,0,2,5,12,,1142.99996948242,79,78,70,17,17,11,6,6,3,24,23,24,17,17,17,15,15,15,0.96,0
073caad2-e910-407d-9e88-e7abcf34d9d6,Turker,26,24,0,0,2,4,2,0,0,2,21,21,0,0,0,1,1,0,0,0,0,0,0,0,0,3,0,f,515.88542175293,34,32,29,4,3,2,29,28,26,1,1,1,0,0,0,0,0,0,10.95,0
07924321-e2a1-4ff2-b311-f9b0cf92f9b0,Registered,26,14,8,1,3,14,12,1,1,0,8,1,7,0,0,1,1,0,0,0,3,0,0,0,3,5,0,,782.867156982422,49,45,39,16,16,8,8,7,8,1,1,1,3,1,3,21,20,19,4.33,3
09474566-a695-4259-85ed-7d24f3d7a70d,Registered,31,27,3,0,1,12,10,2,0,0,16,15,1,0,0,1,1,0,0,0,2,1,0,0,1,2,2,,304.799987792969,44,43,41,17,16,14,18,18,18,1,1,1,2,2,2,6,6,6,29.47,3
0a7fc5fa-6fcc-463c-beb2-b6267e55a0e9,Anonymous,15,13,1,1,0,10,9,1,0,0,5,4,0,1,0,0,0,0,0,0,0,0,0,0,0,1,0,,152.399993896484,15,14,6,10,10,1,5,4,5,0,0,0,0,0,0,0,0,0,10.76,0
0b736a27-87a7-47cb-9020-cfced7203e27,Anonymous,24,14,9,1,0,11,3,8,0,0,12,11,0,1,0,1,0,1,0,0,0,0,0,0,0,2,2,,426.410682678223,31,27,25,17,15,14,13,12,10,1,0,1,0,0,0,0,0,0,5.50,0
0bd6624d-807b-4f81-90a9-6ed106270bf5,Registered,217,148,32,12,25,20,19,1,0,0,112,96,11,5,0,25,13,8,3,1,60,20,12,4,24,11,8,,2852.26959228516,250,247,223,34,34,8,128,127,127,25,25,25,60,58,60,3,3,3,5.59,2
0ce035b0-0367-45cb-aa83-1cb334b7c07a,Registered,40,35,2,0,3,16,15,0,0,1,16,14,2,0,0,3,3,0,0,0,5,3,0,0,2,3,7,,533.399993896484,46,46,30,22,22,11,16,16,14,3,3,0,5,5,5,0,0,0,5.34,2
0d02d12f-b654-40ae-ab3f-2041acf4643a,Registered,11,10,1,0,0,11,10,1,0,0,0,0,0,0,0,0,0,0,0,0,0,0,0,0,0,1,0,,152.399993896484,12,11,9,12,11,9,0,0,0,0,0,0,0,0,0,0,0,0,4.98,2
0d0fdbda-4abb-4bb4-84f4-bd0c76eb84e1,Registered,37,21,11,1,4,8,7,1,0,0,13,5,3,1,4,6,4,2,0,0,10,5,5,0,0,3,5,,533.399993896484,37,36,29,8,7,6,13,13,9,6,6,4,10,10,10,0,0,0,,
0d3fa400-2504-42c0-9779-b887ce017938,Anonymous,16,3,4,2,7,7,3,2,2,0,0,0,0,0,0,4,0,1,0,3,5,0,1,0,4,1,5,,152.399993896484,26,24,22,7,7,5,0,0,0,4,4,4,5,4,5,10,9,8,4.98,1
0deac935-2e35-4cb8-ae0c-1ed02dff672d,Anonymous,11,11,0,0,0,10,10,0,0,0,1,1,0,0,0,0,0,0,0,0,0,0,0,0,0,2,0,,152.399993896484,14,14,6,12,12,6,2,2,0,0,0,0,0,0,0,0,0,0,3.52,8
0e1ae564-6d72-4670-98e4-71369cc5ab26,Turker,3276,2416,393,145,322,757,684,45,26,2,1066,930,108,24,4,219,142,49,12,16,1234,660,191,83,300,424,58,t,124615.072320938,8118,7946,595,1889,1874,106,1489,1463,237,228,225,65,1300,1268,119,3196,3116,68,2.90,0
0e74d5a8-c6d7-482c-a339-7d3be646cfb6,Anonymous,16,15,1,0,0,11,11,0,0,0,5,4,1,0,0,0,0,0,0,0,0,0,0,0,0,1,0,,152.399993896484,19,19,10,14,14,5,5,5,5,0,0,0,0,0,0,0,0,0,3.00,1
0e7f16cf-f480-432f-9d0d-073b9994729c,Turker,24,20,1,0,3,6,6,0,0,0,0,0,0,0,0,10,9,0,0,1,8,5,1,0,2,2,0,,429.768775939941,28,27,28,6,6,6,0,0,0,10,10,10,8,7,8,4,4,4,5.41,3
0f4285e3-0784-4726-b833-af9617eb5d5d,Anonymous,10,7,2,0,1,3,3,0,0,0,4,3,1,0,0,2,0,1,0,1,1,1,0,0,0,0,0,,131.076858520508,10,4,8,3,3,1,4,1,4,2,0,2,1,0,1,0,0,0,8.77,0
0f97b3df-12d4-4e7f-af19-2ea90b1c5388,Turker,23,9,11,1,2,13,2,10,1,0,5,3,1,0,1,2,2,0,0,0,3,2,0,0,1,1,0,f,203.265159606934,28,27,28,17,16,17,5,5,5,2,2,2,3,3,3,1,1,1,18.08,1
10ab9680-8283-4448-9a37-090bb8b4fdd5,Turker,38,29,4,0,5,11,10,1,0,0,10,10,0,0,0,6,3,0,0,3,11,6,3,0,2,1,2,,250.208976745605,44,42,35,12,12,6,13,13,12,6,6,4,11,9,11,2,2,2,8.83,1
10e5735a-00a4-4a63-b4ad-d329459fadb5,Registered,28,16,3,4,5,12,9,2,1,0,4,2,0,2,0,2,0,0,1,1,10,5,1,0,4,12,9,,2610.9575843811,100,98,85,16,16,4,4,4,3,2,2,2,10,10,10,68,66,66,1.59,0
11207567-df65-409f-8966-3e435d6bdfa4,Turker,10,8,1,1,0,4,4,0,0,0,4,3,0,1,0,0,0,0,0,0,2,1,1,0,0,0,0,,130.542388916016,10,9,7,4,4,3,4,4,3,0,0,0,2,1,1,0,0,0,2.05,1
114750dc-3261-4bf5-9744-be72bcb1a335,Anonymous,15,10,2,0,3,6,5,1,0,0,2,1,1,0,0,0,0,0,0,0,7,4,0,0,3,1,6,,152.399993896484,15,15,10,6,6,2,2,2,1,0,0,0,7,7,7,0,0,0,7.50,0
11665b4a-b749-4d86-aa22-246b3000883b,Registered,16,15,0,0,1,8,8,0,0,0,8,7,0,0,1,0,0,0,0,0,0,0,0,0,0,3,5,,548.59669303894,16,16,11,8,8,4,8,8,7,0,0,0,0,0,0,0,0,0,,
1242610c-af72-4b9e-9246-b224f1bd233b,Anonymous,20,11,6,2,1,13,5,6,2,0,5,5,0,0,0,0,0,0,0,0,2,1,0,0,1,1,1,,152.399993896484,32,30,9,25,24,2,5,5,5,0,0,0,2,1,2,0,0,0,9.63,3
12daa25f-9fc9-47ce-835f-7891762ac537,Anonymous,11,8,1,1,1,7,5,1,1,0,0,0,0,0,0,1,1,0,0,0,3,2,0,0,1,1,2,,152.399993896484,18,16,12,7,7,3,0,0,0,1,1,0,3,3,2,7,5,7,,
1343c8bc-a1b7-4758-9c72-fd2a0b5c570d,Turker,11,11,0,0,0,3,3,0,0,0,7,7,0,0,0,1,1,0,0,0,0,0,0,0,0,1,0,,246.645790100098,11,11,10,3,3,2,7,7,7,1,1,1,0,0,0,0,0,0,5.78,0
1353d168-ab49-4474-ae8a-213eb2dafab5,Turker,382,251,83,11,37,215,196,13,5,1,43,24,18,1,0,11,4,6,1,0,113,27,46,4,36,61,0,f,18182.2434387207,669,644,632,441,428,421,58,57,55,11,10,7,115,107,108,44,42,41,3.53,0
135b1c8c-ba4f-446b-a335-54673db39ca4,Turker,114,70,28,3,13,20,18,2,0,0,14,12,0,0,2,46,22,17,2,5,34,18,9,1,6,10,9,f,2332.24321746826,167,130,166,45,39,45,23,20,23,52,35,52,42,31,41,5,5,5,8.24,1
13855364-f107-4d5d-a4e8-8a269b1b79fe,Anonymous,12,11,0,0,1,11,11,0,0,0,0,0,0,0,0,0,0,0,0,0,1,0,0,0,1,2,3,,386.252807617188,13,6,2,12,6,1,0,0,0,0,0,0,1,0,1,0,0,0,16.90,0
150a0d16-3444-46e4-b0f5-858721da662c,Turker,23,22,0,0,1,14,14,0,0,0,4,4,0,0,0,5,4,0,0,1,0,0,0,0,0,6,3,,971.979537963867,43,36,22,27,24,7,4,3,4,5,4,5,0,0,0,7,5,6,8.56,9
1520e97e-d90a-4554-beb0-c532e828fb15,Turker,17,17,0,0,0,16,16,0,0,0,0,0,0,0,0,0,0,0,0,0,1,1,0,0,0,2,1,,304.799987792969,24,24,3,23,23,2,0,0,0,0,0,0,1,1,1,0,0,0,15.53,1
16ef2830-d99a-4c21-84b5-a3d004ff8eca,Turker,61,55,5,0,1,20,18,2,0,0,27,26,1,0,0,0,0,0,0,0,14,11,2,0,1,10,3,,2518.90031433105,113,113,46,50,50,0,36,36,32,0,0,0,14,14,13,13,13,1,5.44,2
173f7190-7127-4651-8d4a-8a6e87c17afc,Anonymous,47,11,29,3,4,5,3,0,2,0,2,0,2,0,0,33,3,27,1,2,7,5,0,0,2,3,4,,533.399993896484,63,61,60,5,5,5,2,2,1,33,31,31,7,7,7,16,16,16,15.71,0
17437df5-86f6-4657-872a-0a15889c6a8e,Anonymous,23,9,10,1,3,6,6,0,0,0,1,1,0,0,0,16,2,10,1,3,0,0,0,0,0,1,1,,152.399993896484,23,23,23,6,6,6,1,1,1,16,16,16,0,0,0,0,0,0,3.83,0
17bac14f-319b-47be-90cf-c8387f4e4762,Registered,39,32,3,3,1,11,11,0,0,0,24,18,3,3,0,0,0,0,0,0,4,3,0,0,1,3,3,,457.199981689453,44,44,27,16,16,8,24,24,16,0,0,0,4,4,3,0,0,0,12.10,0
191e4d7e-71f7-433c-96d6-734cf1d9ded7,Anonymous,14,7,0,0,7,2,2,0,0,0,1,1,0,0,0,8,4,0,0,4,3,0,0,0,3,1,0,,152.399993896484,14,14,11,2,2,0,1,1,0,8,8,8,3,3,3,0,0,0,,
19735043-3130-4bb5-aa56-ba1a505b9240,Turker,24,18,4,2,0,14,9,4,1,0,9,8,0,1,0,1,1,0,0,0,0,0,0,0,0,1,0,,275.052116394043,30,25,29,20,17,19,9,7,9,1,1,1,0,0,0,0,0,0,3.38,0
197eefd6-6ee2-4797-8596-a59ae40d288c,Turker,22,19,2,1,0,18,16,2,0,0,4,3,0,1,0,0,0,0,0,0,0,0,0,0,0,3,0,,533.399993896484,41,36,23,36,31,22,4,4,0,0,0,0,0,0,0,1,1,1,2.53,2
19ce7bb2-1ef5-4904-9582-67a2b567cd29,Registered,100,68,20,0,12,51,40,6,0,5,16,13,1,0,2,27,12,11,0,4,6,3,2,0,1,4,7,,841.693049430847,112,111,33,63,62,13,16,16,8,27,27,9,6,6,3,0,0,0,,
1a63851e-ed9a-4310-acd1-f469d620bc59,Anonymous,30,26,2,0,2,15,14,1,0,0,10,10,0,0,0,2,1,1,0,0,3,1,0,0,2,3,0,,533.399993896484,56,51,33,37,35,18,12,11,9,2,0,2,3,3,2,2,2,2,6.75,0
1a96180d-75e3-4806-b719-0694c17136c3,Turker,14,2,7,0,5,10,2,5,0,3,3,0,2,0,1,1,0,0,0,1,0,0,0,0,0,3,1,f,533.399993896484,24,24,15,10,10,3,3,3,3,1,1,1,0,0,0,10,10,8,5.98,2
1b051c7d-8659-4ffe-9c57-9fb19c7fefa1,Registered,15,7,3,1,4,5,5,0,0,0,0,0,0,0,0,2,0,1,0,1,8,2,2,1,3,1,0,,152.399993896484,20,14,16,5,5,5,0,0,0,2,2,2,8,6,8,1,1,1,14.26,2
1b119cec-02f5-4bcb-8eb4-2d8c4e9abc04,Turker,15,9,4,1,1,11,7,3,1,0,4,2,1,0,1,0,0,0,0,0,0,0,0,0,0,6,0,f,1552.5922164917,18,17,18,14,14,14,4,3,4,0,0,0,0,0,0,0,0,0,3.49,1
1b5e103c-fbdc-45a7-aef7-d84dc2e9068d,Registered,23,20,1,1,1,10,9,0,1,0,12,11,1,0,0,1,0,0,0,1,0,0,0,0,0,3,7,,549.737579345703,23,23,21,10,10,9,12,12,12,1,1,0,0,0,0,0,0,0,3.06,2
1bfb6a8e-564e-456f-91f9-ecdafb773b19,Registered,11,10,1,0,0,10,9,1,0,0,0,0,0,0,0,0,0,0,0,0,1,1,0,0,0,3,6,,339.266189575195,12,12,4,11,11,4,0,0,0,0,0,0,1,1,0,0,0,0,3.58,0
1cc1153c-5a90-4e6b-8cbe-04b7fd18c9ef,Anonymous,17,15,1,1,0,4,4,0,0,0,9,7,1,1,0,0,0,0,0,0,4,4,0,0,0,2,5,,304.799987792969,20,20,13,4,4,2,9,9,6,0,0,0,4,4,3,3,3,2,,
1e00ac1d-234a-43a5-90d6-a32cb5b06572,Registered,28,15,8,3,2,22,11,7,3,1,3,2,0,0,1,2,1,1,0,0,1,1,0,0,0,3,7,,533.399993896484,45,39,12,37,32,10,3,3,1,2,2,0,1,0,1,2,2,0,4.37,1
1e576e3a-8b1b-41dc-b181-175bcba9e9da,Anonymous,26,19,5,0,2,12,12,0,0,0,11,6,5,0,0,0,0,0,0,0,3,1,0,0,2,3,2,,547.35578918457,33,31,1,19,19,0,11,10,1,0,0,0,3,2,0,0,0,0,5.89,2
1e5b6eec-b36c-4a39-9f1f-b4587ccc4a55,Turker,52,46,5,0,1,32,30,2,0,0,12,10,2,0,0,1,0,0,0,1,7,6,1,0,0,11,3,,2784.59376907349,92,77,26,52,45,15,12,9,0,1,0,0,7,6,7,20,17,4,1.94,0
1e98c0ed-1b21-42fe-b9d0-f5851f5797db,Anonymous,14,12,2,0,0,11,10,1,0,0,3,2,1,0,0,0,0,0,0,0,0,0,0,0,0,0,0,,122.66869354248,19,19,9,16,16,6,3,3,3,0,0,0,0,0,0,0,0,0,5.44,0
1effd998-a89b-4b8c-8dee-7e16e0679209,Registered,15,9,6,0,0,8,2,6,0,0,6,6,0,0,0,0,0,0,0,0,1,1,0,0,0,1,2,,152.399993896484,17,16,11,8,8,5,6,5,3,0,0,0,1,1,1,2,2,2,11.72,1
20130617-b211-45e4-89e6-1f2288283334,Registered,50,35,9,1,5,26,23,1,1,1,9,5,3,0,1,14,6,5,0,3,1,1,0,0,0,4,12,,907.117046400905,57,51,14,33,32,4,9,6,6,14,13,3,1,0,1,0,0,0,5.27,3
205a2c36-8335-4373-aced-dfb05ce71b6a,Anonymous,34,17,5,2,10,11,10,1,0,0,7,3,3,1,0,5,0,1,0,4,11,4,0,1,6,3,0,,740.189514160156,48,46,33,21,20,10,7,7,4,5,5,5,11,10,11,4,4,3,6.53,2
2142b941-30fd-4ee7-ad9e-f864bea67b45,Turker,10,5,4,0,1,4,2,2,0,0,4,2,1,0,1,1,0,1,0,0,1,1,0,0,0,0,0,f,1.15195775032043,10,10,3,4,4,1,4,4,2,1,1,0,1,1,0,0,0,0,3.62,1
21d46b18-4f62-445d-b138-74d3763982d9,Registered,17,16,0,0,1,8,8,0,0,0,9,8,0,0,1,0,0,0,0,0,0,0,0,0,0,3,10,,576.972114562988,17,16,14,8,7,5,9,9,9,0,0,0,0,0,0,0,0,0,2.72,0
22f2e8c7-6858-4a94-8c17-cadff0cd1396,Turker,10,9,0,0,1,9,8,0,0,1,0,0,0,0,0,1,1,0,0,0,0,0,0,0,0,3,1,,435.897521972656,12,12,9,9,9,6,0,0,0,1,1,1,0,0,0,2,2,2,7.45,1
24f9888a-c271-4b8f-9a5c-d67931c384b1,Registered,19,16,2,0,1,11,9,1,0,1,5,5,0,0,0,3,2,1,0,0,0,0,0,0,0,3,6,,534.605487585068,19,18,12,11,10,5,5,5,5,3,3,2,0,0,0,0,0,0,2.32,0
261779ec-11d9-47f5-9582-cbe68762d61c,Turker,23,13,9,0,1,13,8,5,0,0,7,5,2,0,0,3,0,2,0,1,0,0,0,0,0,4,3,,1014.99447631836,32,31,12,20,19,9,7,7,2,3,3,1,0,0,0,2,2,0,7.62,1
264bd783-8487-4f0e-949b-b4ac32000e07,Turker,19,14,0,3,2,10,8,0,1,1,2,2,0,0,0,3,2,0,0,1,4,2,0,2,0,1,0,,187.047565460205,20,16,14,11,11,9,2,2,2,3,2,0,4,1,3,0,0,0,5.03,2
26846252-45fc-4723-aa12-a0a57678b090,Registered,11,0,11,0,0,11,0,11,0,0,0,0,0,0,0,0,0,0,0,0,0,0,0,0,0,1,0,,152.399993896484,15,15,0,15,15,0,0,0,0,0,0,0,0,0,0,0,0,0,,
2721e2d3-b15c-42df-b777-19b9c33e8636,Registered,77,61,4,1,11,49,42,2,1,4,24,17,1,0,6,4,2,1,0,1,0,0,0,0,0,3,9,,457.199981689453,77,70,29,49,48,4,24,21,21,4,1,4,0,0,0,0,0,0,,
27ce75f5-baeb-40c2-84ab-ab373d8a6fe9,Anonymous,17,13,1,1,2,13,13,0,0,0,1,0,0,1,0,2,0,1,0,1,1,0,0,0,1,1,3,,152.399993896484,19,17,16,13,11,10,1,1,1,2,2,2,1,1,1,2,2,2,9.13,0
27d41f66-91f3-49dc-ab14-b8732d733554,Turker,182,151,18,6,7,39,32,6,1,0,140,118,12,5,5,0,0,0,0,0,3,1,0,0,2,23,0,f,6376.22768783569,273,261,234,73,73,61,192,180,166,0,0,0,3,3,3,5,5,4,2.61,2
28b9dee0-bafe-42e7-815d-bc308c4d6213,Anonymous,33,27,3,1,2,27,24,1,1,1,3,3,0,0,0,3,0,2,0,1,0,0,0,0,0,2,0,,304.799987792969,36,36,11,30,30,5,3,3,3,3,3,3,0,0,0,0,0,0,,
29650c2b-00fa-453c-a830-1cac94e575f8,Turker,17,14,0,0,3,13,13,0,0,0,0,0,0,0,0,4,1,0,0,3,0,0,0,0,0,1,0,,232.06273651123,21,19,12,17,15,8,0,0,0,4,4,4,0,0,0,0,0,0,7.22,1
2a783c12-395c-4cdc-b954-b5a225771360,Researcher,40,25,6,2,7,19,19,0,0,0,2,0,2,0,0,2,1,0,0,1,17,5,4,2,6,7,36,,1533.68242359161,191,181,155,29,26,10,2,1,1,2,2,2,17,16,10,141,136,132,9.41,2
2b0da548-ba7c-4a21-8da9-cdcef60e0e6f,Registered,46,24,15,2,5,29,10,12,2,5,12,12,0,0,0,3,1,2,0,0,2,1,1,0,0,3,5,,457.199981689453,53,52,29,35,34,13,12,12,12,3,3,1,2,2,2,1,1,1,4.71,0
2b80fb60-17f2-4b92-a49a-871ae98f7bba,Registered,36,29,4,0,3,25,25,0,0,0,1,1,0,0,0,2,1,0,0,1,8,2,4,0,2,5,14,,1106.06600189209,82,79,10,68,67,0,1,1,1,2,1,1,8,7,8,3,3,0,7.50,0
2c1639fc-cebf-40d2-9704-048f257ce1ca,Anonymous,16,15,0,0,1,3,3,0,0,0,6,6,0,0,0,0,0,0,0,0,7,6,0,0,1,1,0,,152.399993896484,16,16,16,3,3,3,6,6,6,0,0,0,7,7,7,0,0,0,6.77,3
2c7e2ae8-554a-46cd-bf96-50b7359043b5,Registered,41,20,16,0,5,12,11,0,0,1,4,1,3,0,0,12,3,8,0,1,13,5,5,0,3,3,8,,533.399993896484,52,42,36,14,13,3,4,4,3,12,9,11,13,7,13,8,8,6,,
2d9009b3-55d5-4aa8-a17a-a7c80afc4d51,Turker,2337,2021,166,67,83,752,730,15,5,2,1021,874,96,41,10,95,53,17,6,19,469,364,38,15,52,281,31,t,82879.9628753662,4929,4907,3599,1695,1687,491,1407,1401,1355,97,95,78,548,548,515,1181,1175,1160,5.53,2
2da10fb8-7c74-4b2d-a476-e3caf9dfdbb4,Anonymous,15,3,9,1,2,0,0,0,0,0,0,0,0,0,0,12,2,9,1,0,3,1,0,0,2,1,2,,152.399993896484,19,19,19,0,0,0,0,0,0,12,12,12,3,3,3,4,4,4,5.85,2
2e657863-b73b-4a36-a0ee-d7984432c3cb,Registered,29,14,13,1,1,2,2,0,0,0,3,2,1,0,0,18,7,10,1,0,6,3,2,0,1,1,1,,152.399993896484,31,29,26,2,2,0,3,3,3,18,17,15,6,5,6,2,2,2,10.06,2
2e70bfa1-0ead-4677-9bab-9987ce65220b,Anonymous,17,8,3,1,5,5,4,1,0,0,5,2,2,1,0,0,0,0,0,0,7,2,0,0,5,1,1,,152.399993896484,17,13,9,5,3,5,5,4,0,0,0,0,7,6,4,0,0,0,7.53,1
2f6415e5-f851-4105-afc8-d2fb5f60fc77,Registered,13,13,0,0,0,7,7,0,0,0,6,6,0,0,0,0,0,0,0,0,0,0,0,0,0,1,4,,152.399993896484,14,14,11,7,7,5,6,6,5,0,0,0,0,0,0,1,1,1,5.16,2
2fcbccac-e6d9-479b-9521-afd0c1290fa4,Registered,38,28,7,0,3,13,5,6,0,2,23,21,1,0,1,1,1,0,0,0,1,1,0,0,0,4,8,,685.799987792969,40,36,14,14,10,1,23,23,11,1,1,0,1,1,1,1,1,1,5.38,0
3167a2db-0a43-4713-8851-8aab8fb0f752,Anonymous,11,11,0,0,0,2,2,0,0,0,8,8,0,0,0,1,1,0,0,0,0,0,0,0,0,1,0,,152.399993896484,11,11,11,2,2,2,8,8,8,1,1,1,0,0,0,0,0,0,3.32,0
32f30b90-f995-45bb-bdc3-c53362cbf4cc,Registered,55,47,3,3,2,28,23,2,2,1,11,9,0,1,1,5,4,1,0,0,11,11,0,0,0,3,7,,533.399993896484,58,55,27,31,31,7,11,9,8,5,5,4,11,10,8,0,0,0,1.37,0
33ad919f-a81f-4aa1-9a0c-ba791aa4b4f5,Anonymous,13,8,0,2,3,2,2,0,0,0,2,1,0,1,0,1,0,0,1,0,8,5,0,0,3,1,1,,152.399993896484,14,13,12,2,2,2,2,2,2,1,1,1,8,8,7,0,0,0,,
33c43952-3550-4905-b3eb-b23cd6ec2345,Turker,37,23,8,2,4,17,10,7,0,0,15,12,1,2,0,5,1,0,0,4,0,0,0,0,0,3,0,f,631.125030517578,56,52,53,29,26,29,22,22,21,5,4,3,0,0,0,0,0,0,2.32,0
34db2dfd-3997-4555-8e47-e44aef680755,Registered,49,38,7,1,3,16,14,1,1,0,24,18,6,0,0,6,6,0,0,0,3,0,0,0,3,5,11,,990.599975585938,64,64,57,25,25,20,29,29,28,6,6,5,3,3,3,1,1,1,7.71,1
35872a6c-d171-40d9-8e66-9242b835ea71,Turker,766,523,139,45,59,150,138,9,2,1,166,147,14,5,0,260,134,72,25,29,190,104,44,13,29,53,16,t,14564.3975572586,1356,1349,670,484,483,137,257,256,72,260,259,168,192,191,187,150,150,106,4.51,0
36f4c9b1-d04f-4704-9490-fa01778a3ecf,Registered,59,49,5,2,3,19,19,0,0,0,11,11,0,0,0,11,9,2,0,0,18,10,3,2,3,5,4,,838.199981689453,69,68,49,22,21,10,11,11,11,11,11,9,18,18,12,7,7,7,3.94,3
370a21bc-0e98-4c25-a458-2b71080d7586,Registered,70,49,8,1,12,11,9,1,1,0,26,20,1,0,5,7,3,4,0,0,26,17,2,0,7,3,8,,533.399993896484,82,66,67,16,13,8,28,22,27,7,3,3,26,23,25,5,5,4,,
37764ede-9fe2-4f5c-9e89-91d804878694,Anonymous,19,15,3,0,1,10,8,2,0,0,5,5,0,0,0,1,0,1,0,0,3,2,0,0,1,0,0,,82.2113265991211,20,19,16,10,9,8,5,5,4,1,1,1,3,3,3,0,0,0,11.41,2
3904ac57-3daf-4939-8a62-b23698f35c02,Turker,13,11,1,0,1,12,11,1,0,0,0,0,0,0,0,1,0,0,0,1,0,0,0,0,0,1,22,,218.055244445801,24,24,6,23,23,5,0,0,0,1,1,1,0,0,0,0,0,0,6.00,1
3a52d33e-b623-44ff-9b4b-4ed41716aca6,Anonymous,11,8,1,1,1,6,6,0,0,0,4,2,1,1,0,0,0,0,0,0,1,0,0,0,1,0,0,,56.0675849914551,13,8,12,6,4,5,4,3,4,0,0,0,1,0,1,2,1,2,17.78,0
3a8df622-5614-4831-a2de-cb0955dad57d,Turker,16,12,4,0,0,13,10,3,0,0,3,2,1,0,0,0,0,0,0,0,0,0,0,0,0,2,0,f,343.958557128906,16,16,7,13,13,7,3,3,0,0,0,0,0,0,0,0,0,0,8.12,1
3b7a167a-c04b-428b-8e2a-15e54d654c9a,Registered,218,139,35,10,34,21,13,8,0,0,71,59,9,3,0,25,14,8,3,0,101,53,10,4,34,7,23,,1775.01476287842,309,300,240,35,34,15,76,75,67,25,25,22,101,100,87,69,66,49,5.62,2
3ba21895-0d29-4592-a00d-ac79c0a7dda8,Registered,32,28,3,1,0,19,19,0,0,0,10,9,0,1,0,3,0,3,0,0,0,0,0,0,0,8,9,,2057.39993286133,60,60,25,30,30,7,10,10,0,3,3,3,0,0,0,17,17,15,,
3becae68-94fe-4c96-bc84-1f2d420a5c9a,Registered,12,9,1,1,1,0,0,0,0,0,9,7,1,1,0,2,2,0,0,0,1,0,0,0,1,2,3,,371.186225891113,22,22,3,0,0,0,9,9,0,2,2,1,1,1,0,10,10,2,8.57,1
3c296aa7-c762-473c-84b1-7cfa1528b7da,Turker,409,346,36,13,14,166,156,6,2,2,220,177,28,9,6,3,2,0,0,1,20,11,2,2,5,62,0,t,18518.0008869171,768,703,466,329,312,185,277,247,189,3,3,2,20,16,15,139,125,75,2.59,9
3cd8319f-1450-41c3-b81d-180ba705e7e5,Turker,23,12,2,2,7,5,4,0,1,0,11,6,2,1,2,3,1,0,0,2,4,1,0,0,3,2,0,t,471.930206298828,37,36,28,5,5,2,11,11,6,3,3,3,4,4,3,14,13,14,3.35,1
3d35ef30-91ba-4862-924c-406a4ba1f796,Anonymous,10,6,3,0,1,10,6,3,0,1,0,0,0,0,0,0,0,0,0,0,0,0,0,0,0,1,0,,152.399993896484,12,11,0,12,11,0,0,0,0,0,0,0,0,0,0,0,0,0,,
3d64fd16-19f2-457a-96d7-36f56d79ab98,Registered,33,25,6,1,1,28,22,4,1,1,1,0,1,0,0,4,3,1,0,0,0,0,0,0,0,3,5,,386.82733297348,36,35,6,31,30,4,1,1,1,4,4,1,0,0,0,0,0,0,4.07,0
3e185ad3-3db6-447e-aad8-bcfd8187a0ce,Registered,24,12,5,0,7,9,7,1,0,1,5,4,0,0,1,3,1,2,0,0,7,0,2,0,5,3,7,,540.088272094727,38,35,28,12,11,3,5,4,4,3,3,3,7,7,7,11,10,11,,
3e2f3ebd-9118-41ad-823b-ca66aeb3cf8b,Anonymous,35,23,5,2,5,0,0,0,0,0,16,16,0,0,0,10,4,4,2,0,9,3,1,0,5,6,1,,1066.79998779297,54,52,31,0,0,0,19,18,2,10,10,9,9,9,8,16,15,12,,
3edd2ea9-635b-40af-8a1a-d393433c59b4,Turker,18,17,1,0,0,17,17,0,0,0,0,0,0,0,0,0,0,0,0,0,1,0,1,0,0,1,0,,205.317096710205,34,25,5,24,24,4,0,0,0,0,0,0,1,1,1,0,0,0,3.96,1
3f23e080-7bfa-4e8c-8a43-ef9a5b832f84,Turker,21,13,7,1,0,16,9,6,1,0,5,4,1,0,0,0,0,0,0,0,0,0,0,0,0,1,0,f,207.679977416992,24,21,24,19,16,19,5,5,5,0,0,0,0,0,0,0,0,0,1.06,0
3fad51df-289e-4707-a4a5-044f90b1a12b,Registered,31,23,3,1,4,10,9,0,0,1,7,6,0,1,0,5,3,2,0,0,9,5,1,0,3,4,7,,704.631175994873,38,33,28,13,13,6,7,7,7,5,4,5,9,6,7,4,3,3,3.72,0
3ffd7275-cdba-45c1-96ef-cfa974321233,Registered,37,23,3,3,8,11,9,1,1,0,8,7,1,0,0,8,3,1,0,4,10,4,0,2,4,2,4,,347.755683898926,85,77,63,14,13,4,8,8,4,8,7,7,10,8,10,45,41,38,22.61,1
40612105-3371-4252-8887-ccbeff051b61,Turker,15,13,2,0,0,8,6,2,0,0,7,7,0,0,0,0,0,0,0,0,0,0,0,0,0,2,0,,439.542022705078,15,12,14,8,5,7,7,7,7,0,0,0,0,0,0,0,0,0,4.74,4
4063e1a3-68ac-4765-ae68-13052799b527,Anonymous,12,7,2,0,3,5,4,1,0,0,2,1,1,0,0,0,0,0,0,0,5,2,0,0,3,5,0,,1291.74700927734,15,10,14,5,3,5,2,2,2,0,0,0,5,3,4,3,2,3,8.80,3
40a14254-4d12-471e-bb9e-202677f88d1b,Registered,36,29,6,0,1,34,28,5,0,1,1,1,0,0,0,1,0,1,0,0,0,0,0,0,0,3,5,,533.399993896484,45,45,4,43,43,2,1,1,1,1,1,1,0,0,0,0,0,0,,
4160996f-d62a-4661-a9ab-24925f12c246,Turker,17,5,12,0,0,15,3,12,0,0,2,2,0,0,0,0,0,0,0,0,0,0,0,0,0,0,0,f,100.383628845215,25,25,24,23,23,22,2,2,2,0,0,0,0,0,0,0,0,0,7.72,4
41c61b8c-2d96-4a44-a06f-eeeb9d579c94,Turker,13,12,0,0,1,8,8,0,0,0,0,0,0,0,0,1,1,0,0,0,4,3,0,0,1,2,0,,304.799987792969,13,13,12,8,8,8,0,0,0,1,1,0,4,4,4,0,0,0,4.10,1
427d8fce-1818-4f51-bf38-5f06b7fff7f2,Anonymous,20,18,2,0,0,10,10,0,0,0,10,8,2,0,0,0,0,0,0,0,0,0,0,0,0,3,0,,533.399993896484,31,31,27,20,20,17,11,11,10,0,0,0,0,0,0,0,0,0,4.63,1
4382d449-c724-429b-b653-cc817729f7bf,Turker,34,28,2,0,4,10,9,1,0,0,17,17,0,0,0,0,0,0,0,0,7,2,1,0,4,1,0,,187.364402770996,43,36,27,14,14,8,22,15,12,0,0,0,7,7,7,0,0,0,9.55,2
43bf89e5-ff19-40b6-b945-44dd6882a78c,Registered,17,14,2,0,1,7,5,2,0,0,10,9,0,0,1,0,0,0,0,0,0,0,0,0,0,4,6,,838.199981689453,17,16,9,7,6,1,10,10,8,0,0,0,0,0,0,0,0,0,1.65,2
441db577-0f90-4ebb-b597-45bbb525e57d,Turker,16,8,7,0,1,8,5,3,0,0,1,0,1,0,0,6,3,2,0,1,1,0,1,0,0,3,2,f,584.118244171143,16,16,12,8,8,4,1,1,1,6,6,6,1,1,1,0,0,0,8.91,4
441fee65-efc0-4162-8f57-bfd0f31b9ef1,Anonymous,10,4,6,0,0,7,2,5,0,0,1,1,0,0,0,0,0,0,0,0,2,1,1,0,0,1,3,,152.399993896484,12,12,9,7,7,6,1,1,0,0,0,0,2,2,1,2,2,2,9.66,0
45262ae2-5845-4c16-a612-3a42f87bf1ad,Anonymous,11,11,0,0,0,10,10,0,0,0,0,0,0,0,0,1,1,0,0,0,0,0,0,0,0,1,1,,152.399993896484,12,12,3,11,11,2,0,0,0,1,1,1,0,0,0,0,0,0,9.08,1
4761a83c-d4af-4847-892b-f340b8fcfe06,Registered,38,26,8,1,3,30,20,7,1,2,5,4,1,0,0,3,2,0,0,1,0,0,0,0,0,3,6,,533.399993896484,48,47,12,40,39,6,5,5,5,3,3,1,0,0,0,0,0,0,6.47,0
47655c31-950c-41d9-856c-ec610a3172b1,Turker,31,23,8,0,0,12,6,6,0,0,16,16,0,0,0,0,0,0,0,0,3,1,2,0,0,2,0,f,304.799987792969,46,46,38,25,25,21,18,18,14,0,0,0,3,3,3,0,0,0,1.74,0
490b055c-0108-4e77-a5ba-7018c993fc22,Anonymous,16,11,4,0,1,4,3,1,0,0,5,4,0,0,1,2,1,1,0,0,5,3,2,0,0,1,0,,152.399993896484,16,14,15,4,4,4,5,4,5,2,1,1,5,5,5,0,0,0,3.89,1
4952a990-7be5-4417-a877-555ac95e78d7,Turker,27,17,8,0,2,8,8,0,0,0,8,5,3,0,0,10,4,4,0,2,1,0,1,0,0,3,2,,533.399993896484,30,29,30,8,8,8,8,7,8,11,11,11,1,1,1,2,2,2,8.38,1
49723673-044d-4b47-855b-3bdebfe37073,Registered,2990,2483,331,135,41,794,730,35,28,1,2007,1624,275,101,7,67,39,11,2,15,122,90,10,4,18,215,0,,64891.4091587067,4833,4747,3211,1790,1768,297,2771,2723,2660,67,62,56,126,118,125,78,75,73,2.79,1
4988b6ff-57aa-4fd2-8c9a-58030beb0b93,Turker,20,14,0,0,6,11,11,0,0,0,0,0,0,0,0,1,0,0,0,1,8,3,0,0,5,0,0,,131.030090332031,20,19,17,11,11,8,0,0,0,1,1,1,8,7,8,0,0,0,,
49a3bd8c-fdaa-4383-9bd9-50cd1fc9b163,Turker,19,4,9,2,4,9,2,6,1,0,4,1,2,1,0,0,0,0,0,0,6,1,1,0,4,3,0,f,740.899810791016,23,22,0,9,9,0,4,3,0,0,0,0,6,6,0,4,4,0,2.12,1
49b43550-01f1-44ac-8054-8e3236596d0f,Registered,32,29,3,0,0,23,21,2,0,0,7,6,1,0,0,0,0,0,0,0,2,2,0,0,0,3,9,,533.45910390839,42,41,28,27,26,15,7,7,7,0,0,0,2,2,1,6,6,5,,
4ad8426c-d805-460f-947a-c9f5768ffd9f,Turker,23,13,5,1,4,0,0,0,0,0,6,5,1,0,0,15,8,4,1,2,2,0,0,0,2,0,0,,12.9827432632446,23,22,14,0,0,0,6,6,6,15,14,6,2,2,2,0,0,0,6.17,1
4b2591bb-7b1f-493d-8a7e-e6e0dd52b04a,Anonymous,45,36,5,0,4,29,29,0,0,0,2,1,0,0,1,14,6,5,0,3,0,0,0,0,0,6,0,,1447.79995727539,99,98,52,51,50,11,2,2,2,14,14,10,0,0,0,32,32,29,3.09,1
4cd005d8-60e9-4765-a58d-2b139694ea20,Turker,29,22,5,1,1,22,21,1,0,0,7,1,4,1,1,0,0,0,0,0,0,0,0,0,0,4,0,f,867.91725730896,51,45,0,28,26,0,7,7,0,0,0,0,0,0,0,16,12,0,3.17,2
4f2a3a9a-a5d5-4d57-b2d1-6be61a6c2184,Registered,2347,1758,382,106,101,772,649,92,30,1,788,647,112,29,0,215,144,41,12,18,572,318,137,35,82,1103,879,,326252.665081024,8601,8173,3249,5331,5171,284,1490,1437,1393,215,188,167,574,517,528,911,854,876,9.72,4
4f5e3226-628f-49b2-870a-ddb51099a010,Turker,35,30,3,0,2,18,18,0,0,0,9,8,1,0,0,4,1,2,0,1,4,3,0,0,1,3,3,,650.313919067383,51,49,38,34,33,21,9,9,9,4,3,4,4,4,4,0,0,0,4.98,0
4f946b50-b160-45e0-b0ca-77f434b99c7c,Anonymous,12,7,5,0,0,8,3,5,0,0,3,3,0,0,0,1,1,0,0,0,0,0,0,0,0,1,1,,152.399993896484,12,11,10,8,7,8,3,3,1,1,1,1,0,0,0,0,0,0,16.81,4
5139f5dc-a6bd-4206-a753-31e7db4bd353,Registered,37,25,8,0,4,13,10,3,0,0,7,6,1,0,0,11,5,3,0,3,6,4,1,0,1,3,11,,533.399993896484,40,39,20,15,15,2,7,7,1,11,11,10,6,5,6,1,1,1,1.88,0
5143c254-2cbe-49c4-933a-9dc2263c06b8,Registered,41,29,7,0,5,24,20,4,0,0,5,4,1,0,0,10,4,2,0,4,2,1,0,0,1,3,0,,623.395309448242,56,56,36,37,37,17,5,5,5,10,10,10,2,2,2,2,2,2,5.42,1
51487d2c-20b5-4fd4-9eb0-b26303561ac7,Turker,20,13,6,1,0,10,10,0,0,0,9,3,5,1,0,1,0,1,0,0,0,0,0,0,0,6,0,f,1446.99349975586,30,23,0,12,9,0,9,6,0,1,1,0,0,0,0,8,7,0,2.44,1
522f402b-927b-42f6-acce-b6919d48e30d,Registered,30,13,4,4,9,10,5,2,1,2,9,4,1,1,3,6,3,1,0,2,5,1,0,2,2,3,6,,563.601560592651,41,40,33,17,17,11,9,9,9,6,6,5,5,4,4,4,4,4,4.32,3
5262e8f5-3037-4a0c-986e-1854367e76cf,Turker,34,26,4,2,2,25,23,1,1,0,0,0,0,0,0,7,2,2,1,2,2,1,1,0,0,6,0,,1531.83100891113,63,63,30,41,41,9,0,0,0,7,7,7,2,2,1,13,13,13,2.78,0
538c6843-e446-4fc1-aeda-9410790c6000,Registered,84,58,12,3,11,21,18,1,2,0,11,10,1,0,0,10,7,2,0,1,42,23,8,1,10,5,4,,1142.99996948242,148,136,123,28,27,13,11,10,9,10,9,10,42,42,41,50,48,50,,
54c77d0f-fc8f-4497-84d3-5e336047b17e,Turker,651,276,193,66,116,42,41,1,0,0,35,25,4,6,0,360,127,141,43,49,214,83,47,17,67,25,3,t,6712.87605285645,1579,1472,1410,62,61,35,39,39,37,360,355,331,223,223,212,805,794,795,4.98,1
56fe90ca-ff6a-4008-ba8e-0e2dcd8b227c,Registered,13,3,5,2,3,7,3,3,1,0,2,0,2,0,0,1,0,0,0,1,3,0,0,1,2,3,16,,425.337074279785,19,11,5,7,6,1,2,1,0,1,1,1,3,3,3,6,0,0,4.13,0
571befac-9a9c-4e61-8218-96f8e2f27a50,Registered,29,22,2,2,3,14,11,0,1,2,15,11,2,1,1,0,0,0,0,0,0,0,0,0,0,3,8,,533.065536499023,32,31,21,16,15,6,16,16,15,0,0,0,0,0,0,0,0,0,,
57b99b19-ff2f-428b-91a1-4d214e187ce3,Turker,25,18,4,0,3,12,11,0,0,1,11,6,4,0,1,1,0,0,0,1,1,1,0,0,0,5,3,f,1241.23683166504,38,37,4,23,23,0,12,11,3,1,1,0,1,1,0,1,1,1,3.56,0
588b8e51-3029-41c4-b38b-f449feb578f5,Registered,53,39,8,3,3,38,30,3,3,2,4,3,0,0,1,11,6,5,0,0,0,0,0,0,0,3,6,,457.199981689453,68,63,16,47,44,8,4,4,4,11,10,4,0,0,0,6,5,0,,
59bf3fe6-615b-468b-bf0d-1267001dc155,Registered,64,45,6,0,13,16,16,0,0,0,13,12,1,0,0,4,0,1,0,3,31,17,4,0,10,3,3,,533.399993896484,76,76,62,25,25,13,13,13,12,4,4,4,31,31,30,3,3,3,3.88,1
5ab3df0b-6cee-47f4-9713-3c3edd929d40,Turker,12,11,1,0,0,10,10,0,0,0,2,1,1,0,0,0,0,0,0,0,0,0,0,0,0,1,0,,183.633766174316,12,12,7,10,10,7,2,2,0,0,0,0,0,0,0,0,0,0,3.82,1
5ada2bbd-7bf9-41d3-a318-5a7d6b1e70ed,Turker,34,28,3,2,1,15,11,3,1,0,18,16,0,1,1,1,1,0,0,0,0,0,0,0,0,4,0,,972.308166503906,60,60,41,37,37,19,20,20,20,1,1,0,0,0,0,2,2,2,3.45,1
5b214fe5-91fb-4140-a799-7c71ebef4a32,Turker,487,358,91,17,21,89,85,4,0,0,69,63,4,2,0,210,103,76,14,17,119,107,7,1,4,54,27,t,13995.7840805054,972,944,354,393,386,86,167,164,12,215,211,139,121,115,114,67,67,3,4.06,1
5cdb41ac-8945-43aa-b0e9-1c05fdd8bc47,Anonymous,16,10,1,1,4,11,9,1,1,0,0,0,0,0,0,5,1,0,0,4,0,0,0,0,0,1,0,,176.949052810669,19,16,8,12,12,3,0,0,0,5,4,4,0,0,0,0,0,0,8.81,1
5daee480-d6f8-4e9e-a2c2-67638b97bcca,Anonymous,20,14,4,1,1,10,7,3,0,0,3,1,1,1,0,2,2,0,0,0,5,4,0,0,1,1,1,,152.399993896484,22,22,18,10,10,6,3,3,3,2,2,2,5,5,5,2,2,2,6.94,0
5dcf3e59-344c-43bb-9bb7-540ecbc54046,Turker,16,9,4,1,2,13,9,4,0,0,1,0,0,1,0,1,0,0,0,1,1,0,0,0,1,1,0,f,206.000312805176,28,28,23,20,20,18,1,1,1,1,1,0,1,1,1,5,5,3,3.99,0
5f07d252-3939-4e82-9b77-d5ae0f30ddc2,Registered,66,50,9,1,6,35,30,3,0,2,7,6,1,0,0,8,6,1,0,1,16,8,4,1,3,4,8,,609.599975585938,75,74,35,43,43,7,7,7,7,8,8,5,16,16,16,0,0,0,4.38,0
60762778-61fd-4e93-92aa-939ef0c8ffb2,Anonymous,17,14,0,0,3,10,10,0,0,0,4,4,0,0,0,1,0,0,0,1,2,0,0,0,2,1,2,,152.399993896484,18,17,14,10,10,8,4,3,2,1,1,1,2,2,2,1,1,1,4.61,2
60f51dd5-7eb5-4959-a307-10eb5d3b8fc7,Registered,47,41,3,1,2,17,14,1,1,1,20,18,1,0,1,2,1,1,0,0,8,8,0,0,0,3,6,,533.399993896484,48,47,36,18,18,8,20,20,19,2,2,2,8,7,7,0,0,0,2.08,0
6276153f-8db2-4b44-b90b-d7c86a1edd45,Turker,254,196,35,3,20,45,42,2,1,0,112,97,15,0,0,42,26,8,0,8,55,31,10,2,12,30,18,,7526.93923950195,646,633,506,241,236,104,242,239,240,46,45,46,88,85,88,29,28,28,3.84,1
62fae240-a83b-4d26-9446-f8d8bc5f6bdf,Anonymous,11,9,0,1,1,10,9,0,1,0,0,0,0,0,0,0,0,0,0,0,1,0,0,0,1,0,2,,107.12939453125,11,10,0,10,9,0,0,0,0,0,0,0,1,1,0,0,0,0,,
6321e091-a4a5-4e2c-9bfd-1a17075b3df7,Turker,11,11,0,0,0,2,2,0,0,0,8,8,0,0,0,0,0,0,0,0,1,1,0,0,0,0,0,,143.753051757812,11,9,9,2,2,0,8,6,8,0,0,0,1,1,1,0,0,0,5.44,3
641949ed-63db-419e-8c85-31b615510b9d,Turker,37,0,31,0,6,29,0,24,0,5,6,0,6,0,0,0,0,0,0,0,2,0,1,0,1,2,0,f,304.799987792969,40,19,19,31,12,15,6,6,3,0,0,0,2,1,1,1,0,0,4.96,4
66f6d727-bb32-49f0-8017-d55aa575310b,Registered,13,10,1,1,1,11,8,1,1,1,0,0,0,0,0,2,2,0,0,0,0,0,0,0,0,1,0,,152.399993896484,18,18,6,16,16,4,0,0,0,2,2,2,0,0,0,0,0,0,4.10,1
676f878c-26e3-4d2f-8e7b-9216ca8cc0b5,Turker,10,10,0,0,0,8,8,0,0,0,2,2,0,0,0,0,0,0,0,0,0,0,0,0,0,1,0,,152.399993896484,10,10,4,8,8,2,2,2,2,0,0,0,0,0,0,0,0,0,4.11,0
67e3ceac-ce79-4203-be4a-ef3ff526f604,Registered,73,39,9,7,18,16,15,1,0,0,8,5,0,3,0,9,4,0,0,5,40,15,8,4,13,6,5,,1187.87098312378,103,102,81,19,19,4,8,8,5,9,9,9,40,40,38,27,26,25,15.88,2
6809bd6e-605f-4861-bc49-32e52c88c675,Turker,130,82,38,6,4,66,57,5,3,1,22,8,11,2,1,31,12,18,1,0,11,5,4,0,2,40,0,f,11266.8703651428,572,434,6,131,122,2,24,21,1,31,30,0,12,11,0,284,249,3,3.00,3
68884e25-b0a4-4e6f-a624-fb807656c1c5,Registered,26,20,4,1,1,18,16,1,1,0,5,4,1,0,0,2,0,2,0,0,1,0,0,0,1,3,6,,533.438124332577,27,22,24,18,14,16,5,4,4,2,2,2,1,1,1,1,1,1,2.27,0
68a7c347-7bba-4059-acb8-a7e7913d75b9,Turker,12,9,1,0,2,0,0,0,0,0,2,2,0,0,0,9,7,1,0,1,1,0,0,0,1,1,0,,152.399993896484,12,11,11,0,0,0,2,2,2,9,8,8,1,1,1,0,0,0,4.30,1
68cc8f94-f364-42bf-a91e-c4f078d35dfd,Registered,30,15,4,6,5,11,10,0,1,0,5,3,0,2,0,3,0,0,2,1,11,2,4,1,4,5,17,,733.583675384521,75,69,63,12,12,1,5,5,5,3,3,3,11,11,10,44,38,44,12.73,1
693c2127-08f5-43c6-b99b-df5502869102,Registered,32,23,5,2,2,16,16,0,0,0,2,1,0,1,0,13,6,5,1,1,1,0,0,0,1,3,7,,622.966323852539,52,51,14,36,35,9,2,2,0,13,13,4,1,1,1,0,0,0,,
6af12f89-bb50-4053-9a5a-184cdd17aea6,Turker,19,9,6,0,4,9,5,2,0,2,2,0,1,0,1,6,2,3,0,1,2,2,0,0,0,2,0,,494.851043701172,20,19,10,9,8,0,2,2,2,7,7,6,2,2,2,0,0,0,12.26,1
6b7e23a3-6f55-455b-a201-a47b9496ff67,Registered,46,27,16,1,2,24,13,10,1,0,13,10,3,0,0,5,3,1,0,1,4,1,2,0,1,3,6,,533.399993896484,51,51,45,29,29,25,13,13,11,5,5,5,4,4,4,0,0,0,,
6bc4b2b6-ee8b-4201-b9c3-a42891c62b60,Anonymous,15,10,0,2,3,0,0,0,0,0,6,4,0,2,0,9,6,0,0,3,0,0,0,0,0,1,0,,152.399993896484,15,15,7,0,0,0,6,6,0,9,9,7,0,0,0,0,0,0,9.46,0
6d30a59f-20f8-48ed-83ed-fab476fa2398,Registered,18,14,1,0,3,3,3,0,0,0,5,5,0,0,0,6,5,0,0,1,4,1,1,0,2,3,5,,533.399993896484,33,24,30,3,2,1,5,3,5,6,5,6,4,4,4,14,10,14,,
6da88fba-d04d-435a-b86b-b68c57ef68c2,Anonymous,19,10,5,0,4,11,9,2,0,0,0,0,0,0,0,8,1,3,0,4,0,0,0,0,0,1,3,,152.399993896484,19,19,16,11,11,8,0,0,0,8,8,8,0,0,0,0,0,0,15.93,1
6ea03f92-e082-4946-8a11-13e48b56aede,Anonymous,28,20,6,1,1,12,6,5,1,0,12,12,0,0,0,1,0,0,0,1,3,2,1,0,0,4,3,,993.402008056641,31,29,29,13,12,11,13,12,13,1,1,1,3,3,3,1,1,1,10.31,4
6ebbc1d4-ddb9-4232-a41d-0bbf74dc44e1,Anonymous,24,16,5,1,2,6,4,2,0,0,12,11,0,1,0,1,1,0,0,0,5,0,3,0,2,1,2,,152.399993896484,27,25,27,6,6,6,15,13,15,1,1,1,5,5,5,0,0,0,,
6ec7e799-b9f0-4c05-bc10-166b55caa834,Registered,40,18,15,3,4,33,17,10,3,3,2,1,1,0,0,5,0,4,0,1,0,0,0,0,0,4,7,,838.199981689453,52,51,19,45,45,15,2,2,0,5,4,4,0,0,0,0,0,0,6.12,1
6eec69c1-7317-4455-b031-11412de34b46,Anonymous,11,10,0,0,1,9,9,0,0,0,1,1,0,0,0,1,0,0,0,1,0,0,0,0,0,1,3,,41.6034851074219,11,10,10,9,9,8,1,0,1,1,1,1,0,0,0,0,0,0,9.86,3
6f34ace7-1c6e-4640-b092-2d2aed50b02b,Turker,10,8,2,0,0,4,4,0,0,0,6,4,2,0,0,0,0,0,0,0,0,0,0,0,0,0,0,,0.849178493022919,10,4,7,4,4,4,6,0,3,0,0,0,0,0,0,0,0,0,11.85,1
6fb71d1a-3c2b-4fba-a0d5-3292cf686a36,Turker,25,7,6,8,4,5,4,0,1,0,9,1,3,4,1,11,2,3,3,3,0,0,0,0,0,0,0,f,18.168924331665,27,25,1,5,5,0,9,9,0,11,9,1,0,0,0,2,2,0,8.34,3
700f007e-a346-450b-bab6-fcf60c82d856,Registered,22,12,2,0,8,8,8,0,0,0,2,2,0,0,0,6,0,1,0,5,6,2,1,0,3,2,2,,152.399993896484,22,19,17,8,8,3,2,2,2,6,4,6,6,5,6,0,0,0,7.03,2
70167cf3-7503-4e6d-b223-b85cb0973f6c,Turker,12,5,5,0,2,4,3,1,0,0,1,0,1,0,0,4,1,2,0,1,3,1,1,0,1,1,1,,210.634777069092,13,13,8,4,4,1,1,1,0,4,4,4,3,3,3,1,1,0,5.14,1
70e2d08e-64ce-40ee-82af-3dd18e88daad,Turker,10,2,6,0,2,4,1,3,0,0,2,1,1,0,0,4,0,2,0,2,0,0,0,0,0,0,2,f,3.62128043174744,10,8,8,4,4,2,2,2,2,4,2,4,0,0,0,0,0,0,4.78,6
712ffe38-3300-49da-bc0e-402e5e5197fb,Registered,59,36,12,3,8,30,22,2,2,4,9,5,2,1,1,6,3,3,0,0,14,6,5,0,3,3,6,,533.399993896484,60,59,43,31,30,20,9,9,8,6,6,4,14,14,11,0,0,0,3.87,1
715af4d8-0f17-47c4-99c6-7ef92d94803a,Turker,1513,1248,162,53,50,547,454,70,21,2,567,520,30,12,5,72,53,9,2,8,327,221,53,18,35,249,60,t,72156.1569747925,5602,5562,3679,1520,1513,344,859,853,853,81,80,74,354,347,266,2781,2769,2142,4.71,0
717a56a8-a7f8-4a98-9b30-c2eab3ae85ff,Registered,444,394,28,16,6,186,179,4,3,0,217,184,21,11,1,33,26,2,2,3,8,5,1,0,2,67,90,,19350.8725299835,711,684,280,397,383,208,253,245,21,33,33,26,8,6,6,20,17,19,7.95,2
71ba711d-de85-4ac5-9d87-60dfedb5ee63,Anonymous,22,14,2,0,6,4,3,1,0,0,7,7,0,0,0,2,0,1,0,1,9,4,0,0,5,1,1,,152.399993896484,22,20,21,4,4,3,7,6,7,2,1,2,9,9,9,0,0,0,5.17,2
72f670e4-cde9-4b1e-ad74-f8ab5726cec5,Registered,44,38,3,0,3,10,10,0,0,0,20,18,2,0,0,8,5,1,0,2,6,5,0,0,1,4,6,,685.799987792969,50,49,44,11,11,8,21,21,21,8,8,7,6,6,6,2,2,2,5.89,2
73b34041-60de-43fe-a843-6d3e4df4a0ef,Turker,13,2,5,1,5,5,2,1,1,1,3,0,1,0,2,3,0,1,0,2,2,0,2,0,0,1,0,f,152.399993896484,13,13,10,5,5,2,3,3,3,3,3,3,2,2,2,0,0,0,14.49,1
73c5ac6a-1670-4f94-a619-7350c7ad49b6,Registered,28,24,2,1,1,18,17,1,0,0,1,1,0,0,0,9,6,1,1,1,0,0,0,0,0,3,6,,457.199981689453,40,39,11,30,30,3,1,1,1,9,8,7,0,0,0,0,0,0,0.66,0
74a9aced-27dd-4967-b1b5-f1b7502adca0,Registered,91,72,4,3,12,35,34,1,0,0,19,13,2,2,2,6,3,0,0,3,31,22,1,1,7,8,0,,1570.80807566643,124,121,92,59,57,31,23,23,23,6,6,4,31,30,30,5,5,4,6.32,0
757d90ed-40e0-4548-b1fa-a0cfb1a68ba4,Turker,22,18,0,1,3,8,8,0,0,0,7,6,0,1,0,4,3,0,0,1,3,1,0,0,2,1,0,,152.399993896484,23,21,12,8,8,2,7,7,6,4,3,0,3,2,3,1,1,1,5.88,2
76679fed-88b1-4378-b3b2-c8d69c628c27,Turker,105,79,18,4,4,65,63,1,1,0,26,10,14,2,0,10,6,2,0,2,4,0,1,1,2,30,0,f,8195.25754261017,257,206,1,134,106,0,31,20,0,10,5,0,4,4,0,71,71,1,2.06,3
774ad26a-c773-4173-a376-661d1c116134,Turker,34,12,21,0,1,14,9,5,0,0,8,0,8,0,0,11,3,7,0,1,1,0,1,0,0,1,0,f,212.616401672363,42,42,3,17,17,0,8,8,3,11,11,0,1,1,0,5,5,0,4.39,1
776538a3-f510-4e84-b270-7b1a1f472483,Registered,12,9,3,0,0,9,6,3,0,0,0,0,0,0,0,2,2,0,0,0,1,1,0,0,0,3,5,,533.399993896484,18,18,12,9,9,3,0,0,0,2,2,2,1,1,1,6,6,6,4.62,1
776c932c-6c9e-4332-ae13-9d4b10d39989,Registered,12,12,0,0,0,11,11,0,0,0,0,0,0,0,0,1,1,0,0,0,0,0,0,0,0,1,3,,277.644142150879,12,12,5,11,11,4,0,0,0,1,1,1,0,0,0,0,0,0,14.91,0
77b3e2eb-7bd8-4e32-a008-7888a392b901,Registered,17,10,3,3,1,7,4,1,2,0,5,3,1,1,0,0,0,0,0,0,5,3,1,0,1,2,0,,323.980690002441,18,16,4,7,7,2,5,4,2,0,0,0,5,5,0,1,0,0,,
782b93ec-a645-444c-9098-cf63e83abdf5,Turker,11,10,1,0,0,11,10,1,0,0,0,0,0,0,0,0,0,0,0,0,0,0,0,0,0,1,0,,145.51806640625,12,11,0,12,11,0,0,0,0,0,0,0,0,0,0,0,0,0,2.43,2
78344f38-c58e-45e0-93d5-505bf5a813d6,Turker,23,16,6,0,1,19,12,6,0,1,1,1,0,0,0,2,2,0,0,0,1,1,0,0,0,3,0,f,695.807723999023,29,27,6,24,24,3,1,0,0,2,2,2,1,1,1,0,0,0,9.53,2
78688e98-0d11-4658-9ca4-347be5d3686d,Anonymous,16,14,1,0,1,14,14,0,0,0,0,0,0,0,0,2,0,1,0,1,0,0,0,0,0,1,5,,152.399993896484,20,20,3,18,18,1,0,0,0,2,2,2,0,0,0,0,0,0,6.78,2
7918b889-bf48-4586-ae8a-34ff2415f57c,Anonymous,12,11,0,0,1,11,11,0,0,0,0,0,0,0,0,1,0,0,0,1,0,0,0,0,0,0,0,,127.564147949219,12,12,5,11,11,4,0,0,0,1,1,1,0,0,0,0,0,0,8.49,2
797ecce6-da6a-4be9-873a-0e4c7a7b9cf7,Registered,13,13,0,0,0,8,8,0,0,0,3,3,0,0,0,0,0,0,0,0,2,2,0,0,0,2,6,,311.649353504181,13,12,5,8,7,2,3,3,1,0,0,0,2,2,2,0,0,0,5.48,4
7b1596af-14d4-4f2b-9e4e-71b1884db836,Turker,1000,771,111,37,81,295,279,8,8,0,245,216,21,8,0,114,74,29,2,9,346,202,53,19,72,104,7,t,30343.4916725159,1995,1946,51,653,640,10,312,303,13,114,112,19,352,342,4,562,549,5,1.93,0
7bc8e0d3-e465-420d-9983-82252eb1e029,Registered,52,20,25,1,6,31,11,20,0,0,0,0,0,0,0,0,0,0,0,0,21,9,5,1,6,2,0,,235.068641662598,83,74,79,52,49,52,0,0,0,0,0,0,21,19,21,6,6,6,8.28,0
7be92b4c-1107-442a-b2ca-3b31efd62631,Anonymous,17,11,3,3,0,8,7,0,1,0,8,4,2,2,0,1,0,1,0,0,0,0,0,0,0,1,0,,152.399993896484,17,17,12,8,8,4,8,8,8,1,1,0,0,0,0,0,0,0,4.51,1
7c8d6857-9481-4bed-83f6-0b0b0377fb6f,Registered,19,13,4,0,2,14,12,2,0,0,1,0,1,0,0,4,1,1,0,2,0,0,0,0,0,2,12,,347.125137329102,23,21,6,18,17,2,1,1,0,4,3,4,0,0,0,0,0,0,,
7cb17df5-0fbe-4c2f-8665-31f7f2db1e08,Registered,33,25,4,0,4,14,10,3,0,1,4,4,0,0,0,4,4,0,0,0,11,7,1,0,3,3,5,,533.399993896484,41,40,27,18,18,9,4,4,2,4,4,4,11,10,11,4,4,1,,
7eb1151b-d737-40a6-a9fb-72834b6e27c7,Turker,45,18,22,4,1,20,13,5,2,0,21,4,15,2,0,2,1,0,0,1,2,0,2,0,0,4,0,f,1125.2380065918,70,70,54,26,26,23,24,24,22,2,2,2,2,2,2,16,16,5,2.07,1
8044d277-edfd-4108-9146-6594fb503dfc,Anonymous,13,8,5,0,0,11,6,5,0,0,2,2,0,0,0,0,0,0,0,0,0,0,0,0,0,1,1,,158.961189746857,13,13,13,11,11,11,2,2,2,0,0,0,0,0,0,0,0,0,8.55,1
80814c75-1114-4907-88ed-a90f768b9a9c,Registered,23,19,3,0,1,6,6,0,0,0,6,4,2,0,0,11,9,1,0,1,0,0,0,0,0,5,8,,895.153961181641,103,103,76,6,6,0,6,6,6,11,11,3,0,0,0,80,80,67,10.70,0
809e6445-852b-4a0f-87e7-c46d8b06443d,Turker,23,21,1,0,1,9,8,0,0,1,14,13,1,0,0,0,0,0,0,0,0,0,0,0,0,3,0,,533.399993896484,25,24,25,9,8,9,14,14,14,0,0,0,0,0,0,2,2,2,5.28,3
80b9ab29-c7fc-4beb-b039-170b124997b4,Turker,42,28,11,2,1,31,20,11,0,0,10,8,0,2,0,0,0,0,0,0,1,0,0,0,1,3,0,,575.455821990967,63,60,33,52,51,23,10,8,9,0,0,0,1,1,1,0,0,0,3.06,0
80e67d88-fd68-4ed5-83df-5f8ccd6f1602,Turker,13,12,0,0,1,0,0,0,0,0,12,11,0,0,1,1,1,0,0,0,0,0,0,0,0,1,0,,152.399993896484,15,15,14,0,0,0,14,14,13,1,1,1,0,0,0,0,0,0,4.92,0
81ef8000-218e-4a4d-bd4c-fc2eac1990f3,Registered,141,114,14,7,6,58,52,6,0,0,39,32,5,2,0,23,17,3,1,2,21,13,0,4,4,21,0,,5333.99981689453,408,400,220,286,282,102,57,56,56,23,22,22,21,20,20,21,20,20,,
825150e9-5c2d-4392-aa92-0d727c24c45e,Anonymous,15,11,1,0,3,0,0,0,0,0,11,7,1,0,3,0,0,0,0,0,4,4,0,0,0,1,0,,162.249046325684,17,16,16,0,0,0,12,12,12,0,0,0,4,4,4,0,0,0,3.56,1
83a42e70-e722-4245-93d6-28ffa1e30555,Turker,17,8,4,1,4,10,7,2,1,0,0,0,0,0,0,0,0,0,0,0,7,1,2,0,4,4,3,f,990.157730102539,17,12,16,10,10,10,0,0,0,0,0,0,7,2,6,0,0,0,3.84,9
845e3e48-ea54-4c41-822d-8a40083014aa,Anonymous,19,6,11,0,2,15,5,10,0,0,0,0,0,0,0,4,1,1,0,2,0,0,0,0,0,1,3,,81.0024871826172,21,21,19,17,17,15,0,0,0,4,4,4,0,0,0,0,0,0,11.94,2
8586d01a-353c-4388-868c-83e90aacef9d,Anonymous,28,16,6,3,3,10,7,1,2,0,6,3,2,1,0,8,4,2,0,2,4,2,1,0,1,1,8,,177.993465423584,33,26,30,15,11,13,6,5,5,8,7,8,4,3,4,0,0,0,10.21,1
86d26e9d-010f-4802-88ba-680ae0a8e20d,Turker,513,251,158,33,71,94,85,5,4,0,114,67,33,12,2,80,12,44,5,19,225,87,76,12,50,77,9,t,22420.5032806396,1602,1531,186,231,226,9,164,155,26,81,74,61,233,224,25,893,852,65,2.09,1
872dcf02-f078-4151-8a2f-faa2060dd5cb,Turker,18,11,6,0,1,0,0,0,0,0,16,10,6,0,0,0,0,0,0,0,2,1,0,0,1,3,2,f,533.399993896484,18,16,17,0,0,0,16,14,15,0,0,0,2,2,2,0,0,0,12.20,1
87833d72-b357-4e2c-81cd-23f58ff04c59,Researcher,663,514,64,16,69,140,128,6,0,6,179,163,9,6,1,98,71,16,3,8,246,152,33,7,54,28,709,,6799.66843414307,866,743,554,197,197,97,203,199,132,96,95,69,247,245,217,110,7,39,,
8789dea2-9e46-49a6-9026-501052357a97,Anonymous,10,10,0,0,0,9,9,0,0,0,1,1,0,0,0,0,0,0,0,0,0,0,0,0,0,0,0,,7.75550031661987,10,10,0,9,9,0,1,1,0,0,0,0,0,0,0,0,0,0,,
87f24f89-61a6-486a-8b1a-6fd092ad7240,Registered,31,28,2,0,1,8,7,1,0,0,21,20,1,0,0,1,0,0,0,1,1,1,0,0,0,4,12,,685.799987792969,34,34,25,9,9,3,23,23,20,1,1,1,1,1,1,0,0,0,10.94,1
885d1abd-5c6a-4ac6-b146-eff7ebdfd42f,Turker,12,11,0,1,0,5,5,0,0,0,5,4,0,1,0,0,0,0,0,0,2,2,0,0,0,1,0,,152.399993896484,13,13,13,5,5,5,5,5,5,0,0,0,3,3,3,0,0,0,4.84,0
88c31570-8f92-45ba-acf6-2d7249a4db38,Anonymous,20,10,7,0,3,10,8,2,0,0,0,0,0,0,0,10,2,5,0,3,0,0,0,0,0,2,4,,298.583923339844,21,13,12,11,11,2,0,0,0,10,2,10,0,0,0,0,0,0,7.56,0
88e2440e-91b8-4f6b-86a0-db79172dfa65,Anonymous,30,25,4,0,1,10,8,2,0,0,17,15,2,0,0,0,0,0,0,0,3,2,0,0,1,3,3,,533.399993896484,34,33,33,10,10,9,21,20,21,0,0,0,3,3,3,0,0,0,6.28,1
88fa134c-2aa7-4815-a7f3-a631fe9400a0,Registered,24,20,2,0,2,19,15,2,0,2,4,4,0,0,0,0,0,0,0,0,1,1,0,0,0,3,7,,533.399993896484,24,23,12,19,18,7,4,4,4,0,0,0,1,1,1,0,0,0,3.40,0
899c1f0d-279e-4c34-8b77-628aec00ae68,Registered,21,10,4,2,5,9,2,3,1,3,8,6,0,1,1,1,0,1,0,0,3,2,0,0,1,3,5,,551.067241668701,21,21,16,9,9,4,8,8,8,1,1,1,3,3,3,0,0,0,,
8a471c0f-fa81-4c57-9b65-bd04a92c6a5e,Turker,110,49,47,5,9,24,19,5,0,0,27,17,6,4,0,38,8,24,1,5,21,5,12,0,4,18,1,f,4978.3369140625,162,156,157,44,42,43,37,37,36,38,36,37,23,22,22,17,16,16,4.84,1
8a84d5e0-2193-4fb3-877e-0a7cc38fe47c,Anonymous,13,13,0,0,0,5,5,0,0,0,7,7,0,0,0,0,0,0,0,0,1,1,0,0,0,1,1,,152.399993896484,13,13,13,5,5,5,7,7,7,0,0,0,1,1,1,0,0,0,,
8a9edb49-44c9-43e1-b7b9-a91a4d8b522c,Turker,20,15,4,0,1,10,8,2,0,0,4,3,0,0,1,2,1,1,0,0,4,3,1,0,0,6,1,,1447.79995727539,20,19,9,10,9,0,4,4,4,2,2,1,4,4,4,0,0,0,7.21,1
8ae9f0fc-e33f-435a-bfae-3d43316ddc69,Turker,15,5,7,2,1,12,5,6,1,0,2,0,1,1,0,0,0,0,0,0,1,0,0,0,1,4,0,f,890.444766998291,15,11,13,12,8,10,2,2,2,0,0,0,1,1,1,0,0,0,4.25,3
8af51a6e-05cf-4f43-8456-8312decbd1c8,Turker,12,11,0,0,1,4,4,0,0,0,7,7,0,0,0,0,0,0,0,0,1,0,0,0,1,0,0,,98.3521728515625,12,11,11,4,4,4,7,6,6,0,0,0,1,1,1,0,0,0,17.25,0
8e746ac0-b078-4ea0-a688-eafeac249783,Turker,46,9,23,3,11,5,2,2,1,0,1,0,1,0,0,0,0,0,0,0,40,7,20,2,11,2,0,f,403.720626831055,54,54,1,5,5,1,1,1,0,0,0,0,40,40,0,0,0,0,2.44,10
8ec1b83e-d2f3-46a1-85a9-8ee42d52e420,Registered,15,13,2,0,0,10,9,1,0,0,5,4,1,0,0,0,0,0,0,0,0,0,0,0,0,2,6,,304.799987792969,21,21,12,16,16,9,5,5,3,0,0,0,0,0,0,0,0,0,3.14,1
8fe32410-fafd-4557-91bd-c4bdb7180be0,Anonymous,14,14,0,0,0,11,11,0,0,0,2,2,0,0,0,1,1,0,0,0,0,0,0,0,0,1,0,,152.399993896484,14,12,10,11,11,7,2,1,2,1,0,1,0,0,0,0,0,0,4.80,0
9005a64a-fa73-4c84-b08b-b61eece1b9b7,Researcher,689,556,67,31,35,306,287,11,7,1,131,100,22,9,0,129,87,21,12,9,123,82,13,3,25,64,313,,18684.4920434952,1191,1190,613,672,672,154,159,159,156,129,129,83,123,122,112,108,108,108,11.71,0
9047ac35-318e-4810-a601-bc658e63b3ab,Registered,28,27,0,0,1,26,25,0,0,1,1,1,0,0,0,0,0,0,0,0,1,1,0,0,0,3,7,,472.064643859863,30,29,4,28,27,3,1,1,0,0,0,0,1,1,1,0,0,0,4.66,2
90ae69f2-fb94-4c39-8cb0-59f522f8fd93,Turker,23,18,3,0,2,13,12,1,0,0,8,6,2,0,0,2,0,0,0,2,0,0,0,0,0,5,0,f,1293.56538391113,41,38,33,19,18,16,8,7,7,2,1,1,0,0,0,12,12,9,3.95,2
91376904-0b1e-4a89-a83b-fa5d9c52f20f,Turker,46,26,11,7,2,15,11,4,0,0,2,0,0,2,0,16,6,7,3,0,13,9,0,2,2,7,0,t,1674.36578369141,110,108,64,16,16,9,2,2,2,16,16,15,13,13,12,63,61,26,1.82,0
913d5960-9db7-49b2-9875-95e009050754,Registered,94,34,40,10,10,35,19,12,4,0,3,3,0,0,0,52,11,28,6,7,4,1,0,0,3,24,0,,6629.39974975586,287,268,209,83,81,29,3,3,3,52,42,41,4,3,3,145,139,133,5.97,2
92d6ccb1-e5dc-4144-ad2f-8e6ef808e521,Anonymous,83,13,61,5,4,7,4,3,0,0,3,1,2,0,0,56,7,45,2,2,17,1,11,3,2,4,3,,838.199981689453,93,84,84,7,7,6,3,3,3,56,51,53,17,13,12,10,10,10,5.38,0
939b6faa-0b57-4160-bcc2-d11fd2b69d9f,Registered,268,168,50,17,33,64,60,1,3,0,23,17,3,3,0,138,67,41,10,20,43,24,5,1,13,30,3,,8312.43752288818,479,465,398,122,119,74,31,31,30,138,138,128,44,44,43,136,133,123,3.52,1
93db89fa-4f5c-41bc-9d8f-751f146002b5,Anonymous,17,12,2,0,3,11,9,1,0,1,0,0,0,0,0,5,3,0,0,2,1,0,1,0,0,6,7,,1447.79995727539,22,18,14,11,10,6,0,0,0,5,3,2,1,1,1,5,4,5,9.50,1
9513a46a-38a7-4496-8fd4-5de490ae725d,Anonymous,17,8,8,1,0,3,1,2,0,0,13,6,6,1,0,0,0,0,0,0,1,1,0,0,0,0,0,,135.099090576172,19,15,11,3,3,3,14,11,6,0,0,0,1,1,1,1,0,1,15.14,3
95b778e8-26c2-424d-b879-07c558bb9b20,Turker,101,82,13,0,6,62,50,10,0,2,18,16,1,0,1,11,6,2,0,3,10,10,0,0,0,25,23,,6350.79472351074,274,268,267,223,222,217,27,26,27,11,10,10,10,7,10,3,3,3,8.59,2
95f9e0ca-a9ec-4eb5-8369-324ec24eea30,Anonymous,12,9,1,1,1,7,6,1,0,0,2,2,0,0,0,2,1,0,0,1,1,0,0,1,0,1,0,,152.399993896484,12,11,10,7,6,7,2,2,2,2,2,0,1,1,1,0,0,0,9.29,1
96ec6133-235b-4489-9f67-1681d153c4be,Turker,12,12,0,0,0,12,12,0,0,0,0,0,0,0,0,0,0,0,0,0,0,0,0,0,0,6,0,f,1682.06532287598,18,18,17,18,18,17,0,0,0,0,0,0,0,0,0,0,0,0,4.42,4
96f58470-9b4f-404e-a91a-39a6b826caf2,Turker,15,14,0,0,1,10,10,0,0,0,1,1,0,0,0,1,0,0,0,1,3,3,0,0,0,1,0,,231.588928222656,17,15,8,12,12,3,1,1,1,1,1,1,3,1,3,0,0,0,6.28,2
98879693-84d1-4cbd-a8ee-8e301a310e66,Anonymous,36,24,3,1,8,13,13,0,0,0,14,11,2,1,0,1,0,0,0,1,8,0,1,0,7,2,0,,488.915252685547,57,44,24,19,18,7,15,13,5,1,0,1,8,3,8,14,10,3,5.23,2
98d51e47-4750-48fa-9c9a-253dbb55ff16,Anonymous,15,13,0,0,2,10,10,0,0,0,0,0,0,0,0,5,3,0,0,2,0,0,0,0,0,0,1,,47.4344673156738,17,10,4,12,9,1,0,0,0,5,1,3,0,0,0,0,0,0,,
99b9e3b5-a74f-4be5-99fc-fc69d2856449,Anonymous,20,12,4,4,0,12,11,0,1,0,8,1,4,3,0,0,0,0,0,0,0,0,0,0,0,2,0,,323.022874832153,45,42,36,12,12,3,8,8,8,0,0,0,0,0,0,25,22,25,5.04,2
9a04ca0b-b649-43e6-aaf6-fd567a89d92e,Anonymous,12,11,1,0,0,11,11,0,0,0,1,0,1,0,0,0,0,0,0,0,0,0,0,0,0,1,1,,152.399993896484,12,11,6,11,11,6,1,0,0,0,0,0,0,0,0,0,0,0,8.37,1
9a75f7b6-fed0-44d4-8474-79b983d5f1e4,Anonymous,21,13,4,0,4,11,8,3,0,0,3,2,1,0,0,4,2,0,0,2,3,1,0,0,2,1,1,,145.852493286133,22,14,14,12,11,4,3,2,3,4,1,4,3,0,3,0,0,0,13.26,5
9ab48ccd-8a95-4a4b-a0dc-90e1e7d709b6,Anonymous,12,12,0,0,0,12,12,0,0,0,0,0,0,0,0,0,0,0,0,0,0,0,0,0,0,1,0,,152.399993896484,16,16,5,15,15,4,0,0,0,0,0,0,0,0,0,1,1,1,4.90,1
9ac5c4d5-66e5-4067-888e-de80d632ce0c,Registered,26,19,2,0,5,17,15,1,0,1,0,0,0,0,0,6,4,1,0,1,3,0,0,0,3,6,3,,1722.44863891602,45,45,28,25,25,8,0,0,0,6,6,6,3,3,3,11,11,11,7.76,0
9b595ba6-529b-4d37-93d7-dd189184e15a,Registered,193,151,16,7,19,40,38,2,0,0,71,52,9,3,7,34,25,3,1,5,48,36,2,3,7,8,22,,2007.68360137939,226,215,174,60,60,23,76,74,72,34,31,28,48,46,47,4,4,4,1.84,1
9ba46eee-1147-478f-86f6-1707acf3441e,Turker,10,9,1,0,0,4,3,1,0,0,6,6,0,0,0,0,0,0,0,0,0,0,0,0,0,0,1,,3.14655995368958,10,10,9,4,4,4,6,6,5,0,0,0,0,0,0,0,0,0,14.13,1
9c7b2610-0194-4569-9d35-d266d2772d22,Registered,12,11,0,0,1,6,6,0,0,0,5,5,0,0,0,1,0,0,0,1,0,0,0,0,0,2,0,,367.913272857666,15,15,8,6,6,0,5,5,4,1,1,1,0,0,0,3,3,3,1.38,0
9cc2331e-442c-4b25-9350-91f58c63ad87,Turker,10,9,0,0,1,7,7,0,0,0,0,0,0,0,0,3,2,0,0,1,0,0,0,0,0,1,0,,152.399993896484,12,11,4,8,7,2,1,1,1,3,3,1,0,0,0,0,0,0,3.85,3
9cf59c66-cc1e-4ee9-bc40-489a7c7d9201,Turker,47,22,14,3,8,14,6,8,0,0,1,0,0,0,1,29,15,5,3,6,3,1,1,0,1,13,0,,3421.08755493164,50,39,6,17,12,0,1,1,0,29,24,3,3,2,3,0,0,0,4.63,4
9e850653-6ba9-4f54-bd4b-6e33693f3834,Anonymous,35,21,6,2,6,20,16,3,1,0,5,2,2,1,0,9,3,1,0,5,1,0,0,0,1,4,1,,668.394297599792,44,41,21,28,26,11,5,5,0,9,8,8,1,1,1,1,1,1,,
9ed0fd84-745f-44be-92aa-d2d6f10365e7,Registered,10,6,0,1,3,0,0,0,0,0,4,3,0,1,0,0,0,0,0,0,6,3,0,0,3,2,2,,325.353569030762,49,46,43,0,0,0,4,3,3,0,0,0,6,6,6,39,37,34,5.58,0
9f1889cd-dfbb-4be1-bc75-cb356b2f7abc,Registered,43,26,8,0,9,21,12,6,0,3,14,12,0,0,2,0,0,0,0,0,8,2,2,0,4,3,5,,533.399993896484,51,50,26,28,27,5,15,15,13,0,0,0,8,8,8,0,0,0,4.97,3
9f5744cb-5b96-4a5d-b49f-7c6d0ee3bb89,Anonymous,11,9,2,0,0,10,9,1,0,0,1,0,1,0,0,0,0,0,0,0,0,0,0,0,0,1,2,,152.399993896484,15,15,3,14,14,2,1,1,1,0,0,0,0,0,0,0,0,0,10.26,0
9f5c49e0-de13-453a-bc1b-45dc0452f13b,Anonymous,18,15,1,0,2,6,5,1,0,0,7,7,0,0,0,5,3,0,0,2,0,0,0,0,0,1,5,,152.399993896484,18,18,14,6,6,6,7,7,7,5,5,1,0,0,0,0,0,0,4.01,0
a099e5dc-a57f-43e9-98eb-7d78bebc02e3,Registered,12,9,1,1,1,3,2,1,0,0,6,5,0,1,0,3,2,0,0,1,0,0,0,0,0,4,1,,1029.21507263184,12,12,12,3,3,3,6,6,6,3,3,3,0,0,0,0,0,0,6.15,2
a09a1c86-6e6f-407a-bfe8-c0f314c21bad,Turker,39,23,9,3,4,22,18,2,1,1,8,4,2,2,0,6,0,4,0,2,3,1,1,0,1,7,0,f,1846.80284118652,48,24,0,27,13,0,8,4,0,6,2,0,3,3,0,4,2,0,1.66,0
a148b479-e226-4321-a22c-18424153c2fb,Turker,82,38,33,3,8,19,19,0,0,0,16,3,11,2,0,33,11,16,0,6,14,5,6,1,2,9,3,,2250.02648925781,137,106,42,43,41,7,18,18,5,33,32,28,14,14,2,1,1,0,2.19,1
a15fc20f-a4e9-49e4-b4bb-5376c4a89615,Registered,59,24,15,3,17,7,7,0,0,0,13,8,2,1,2,4,0,3,0,1,35,9,10,2,14,5,21,,902.297348022461,124,121,123,7,7,7,13,12,12,4,4,4,35,35,35,65,63,65,9.47,1
a1798b4c-3510-4d81-b2c4-57b82cca3630,Turker,39,28,4,4,3,5,4,1,0,0,28,23,2,3,0,6,1,1,1,3,0,0,0,0,0,1,0,,245.791915893555,41,41,37,5,5,3,29,29,28,7,7,6,0,0,0,0,0,0,3.68,0
a2a3e73f-7944-48a7-bfa1-d85208459224,Anonymous,28,28,0,0,0,22,22,0,0,0,5,5,0,0,0,1,1,0,0,0,0,0,0,0,0,2,1,,365.352020263672,30,29,24,23,22,17,5,5,5,1,1,1,0,0,0,1,1,1,3.98,1
a3195db2-6d17-43d8-9ebc-f96dd1ddefe1,Registered,23,6,12,1,4,16,3,11,0,2,5,2,1,1,1,0,0,0,0,0,2,1,0,0,1,3,5,,304.799987792969,35,33,25,19,17,13,5,5,4,0,0,0,2,2,0,9,9,8,11.23,2
a3270504-0c49-4024-9c8e-331d2b2cd666,Anonymous,13,9,1,0,3,9,7,0,0,2,2,2,0,0,0,0,0,0,0,0,2,0,1,0,1,1,8,,152.399993896484,15,15,7,9,9,1,2,2,2,0,0,0,2,2,2,2,2,2,2.02,1
a38eadfe-8227-40e7-bdef-9a3a682acbdf,Anonymous,19,18,0,0,1,9,9,0,0,0,3,3,0,0,0,2,2,0,0,0,5,4,0,0,1,2,0,,304.799987792969,19,19,17,9,9,9,3,3,3,2,2,0,5,5,5,0,0,0,5.89,0
a4d72d1d-009c-46f9-8d86-557a74a8174a,Turker,19,14,3,1,1,14,12,1,0,1,5,2,2,1,0,0,0,0,0,0,0,0,0,0,0,2,0,,482.216735839844,21,21,10,16,16,5,5,5,5,0,0,0,0,0,0,0,0,0,4.21,2
a4e1a018-2455-442b-82cf-f7ff8a90a19f,Turker,26,13,5,0,8,13,4,5,0,4,2,2,0,0,0,11,7,0,0,4,0,0,0,0,0,1,0,,172.832902908325,34,34,14,21,21,3,2,2,0,11,11,11,0,0,0,0,0,0,12.93,0
a512d90a-b5b4-4172-88c8-4106805800ff,Turker,49,42,2,2,3,37,36,0,1,0,3,2,1,0,0,0,0,0,0,0,9,4,1,1,3,5,0,t,1289.72708129883,95,90,34,69,68,9,3,3,2,0,0,0,9,5,9,14,14,14,2.35,0
a5f53cea-e024-4682-b18f-d8d3a8368e80,Anonymous,10,6,2,1,1,2,1,1,0,0,7,5,1,1,0,0,0,0,0,0,1,0,0,0,1,0,1,,82.2767791748047,10,10,4,2,2,2,7,7,1,0,0,0,1,1,1,0,0,0,7.33,2
a65327dd-dc7b-4983-83b2-07cd2c3de53a,Registered,38,29,2,2,5,13,12,0,1,0,11,9,2,0,0,1,0,0,0,1,13,8,0,1,4,5,3,,685.799987792969,42,41,32,16,16,8,11,11,10,1,1,1,13,12,13,1,1,0,10.23,1
a7cd4760-382e-4256-9305-5b11e008830d,Registered,25,14,9,1,1,9,9,0,0,0,4,0,2,1,1,6,2,4,0,0,6,3,3,0,0,3,5,,381,36,31,31,9,8,7,4,4,3,6,4,6,6,5,6,11,10,9,6.47,2
a7fd02fb-70ee-4683-b8f8-b7c9351128b4,Registered,54,42,7,0,5,29,27,0,0,2,14,12,2,0,0,3,1,2,0,0,8,2,3,0,3,4,6,,656.82788848877,56,54,34,30,30,8,14,13,14,3,3,3,8,7,8,1,1,1,5.07,3
a81cdd43-4f7c-4e9a-91b4-24157797c974,Turker,45,41,3,0,1,12,12,0,0,0,25,22,3,0,0,4,4,0,0,0,4,3,0,0,1,3,2,,761.665222167969,64,62,58,14,13,8,38,37,38,4,4,4,4,4,4,4,4,4,4.84,0
a8df69ee-d0eb-4d33-a99a-719d04679e0a,Turker,15,14,1,0,0,10,9,1,0,0,5,5,0,0,0,0,0,0,0,0,0,0,0,0,0,2,0,,304.799987792969,16,14,10,11,10,6,5,4,4,0,0,0,0,0,0,0,0,0,13.88,1
aaca07f6-7231-48c0-932a-37946f1b8009,Turker,13,11,2,0,0,10,9,1,0,0,2,1,1,0,0,1,1,0,0,0,0,0,0,0,0,1,0,,203.552688598633,23,23,21,20,20,18,2,2,2,1,1,1,0,0,0,0,0,0,4.69,2
aaf5f6c2-5453-4f2b-b0f4-344848f40f29,Turker,22,11,10,0,1,8,7,1,0,0,10,4,6,0,0,4,0,3,0,1,0,0,0,0,0,1,0,f,152.399993896484,25,20,20,8,8,6,11,9,9,4,3,3,0,0,0,2,0,2,13.05,5
ac272eb8-3bb3-4260-9960-8e6c463f3867,Registered,491,409,37,17,28,164,158,4,2,0,180,159,16,5,0,42,21,8,7,6,105,71,9,3,22,41,0,,11606.6078281403,852,846,576,346,346,95,220,220,216,42,42,36,106,105,99,134,133,130,3.63,0
ad4fb5be-c7ff-43f2-a06a-d019fd59f5e2,Registered,18,9,1,2,6,0,0,0,0,0,0,0,0,0,0,17,9,1,2,5,1,0,0,0,1,1,1,,152.399993896484,18,18,18,0,0,0,0,0,0,17,17,17,1,1,1,0,0,0,23.17,0
ad77309c-011b-4a83-bffd-5b1a8f5c7b35,Anonymous,13,11,2,0,0,10,8,2,0,0,3,3,0,0,0,0,0,0,0,0,0,0,0,0,0,1,0,,152.399993896484,13,12,2,10,9,0,3,3,2,0,0,0,0,0,0,0,0,0,,
af692260-8014-4357-8aba-9f479bf51482,Anonymous,21,18,0,1,2,7,7,0,0,0,2,1,0,1,0,11,10,0,0,1,1,0,0,0,1,3,0,,533.399993896484,21,18,19,7,7,5,2,2,2,11,8,11,1,1,1,0,0,0,5.27,1
af812204-1521-4c42-bf88-4baaaffe3f06,Turker,1816,1465,222,63,66,634,594,27,9,4,736,573,123,38,2,125,86,25,8,6,321,212,47,8,54,311,56,t,91589.2667655945,5462,5210,1544,1631,1566,248,1000,963,97,148,136,133,327,317,303,2356,2228,763,8.84,1
af8d0c23-184c-42c5-802a-6c88e41becfd,Turker,21,17,2,1,1,15,15,0,0,0,3,0,2,1,0,2,1,0,0,1,1,1,0,0,0,3,0,,780.965637207031,64,61,52,57,57,49,3,0,0,2,2,2,1,1,1,1,1,0,7.09,4
afce2706-3799-415c-8639-fdee81935579,Anonymous,27,24,1,0,2,12,12,0,0,0,13,12,1,0,0,2,0,0,0,2,0,0,0,0,0,3,10,,533.399993896484,34,32,30,14,13,14,18,17,14,2,2,2,0,0,0,0,0,0,7.49,0
afe03cd4-d05b-4c17-931c-33e0feff914d,Anonymous,20,13,4,2,1,11,8,2,1,0,2,1,0,1,0,2,0,2,0,0,5,4,0,0,1,1,1,,152.399993896484,30,27,15,11,10,0,2,2,2,2,1,2,5,4,5,10,10,6,5.34,0
afe1b8f5-4151-4c4b-ae5e-4afc5f782cf3,Registered,19,15,3,0,1,13,10,2,0,1,4,4,0,0,0,2,1,1,0,0,0,0,0,0,0,3,5,,533.399993896484,20,20,15,14,14,11,4,4,3,2,2,1,0,0,0,0,0,0,2.70,2
b0befb65-23c4-442f-8e83-e227cc0a6b15,Researcher,84,72,6,2,4,57,55,1,1,0,13,10,2,1,0,6,4,1,0,1,8,3,2,0,3,26,190,,7162.79974365234,222,216,8,121,120,0,13,12,1,6,6,2,8,6,4,73,72,1,4.40,2
b107394d-f80c-4d4e-8bf1-2290cacf3822,Turker,10,3,1,0,6,2,2,0,0,0,1,1,0,0,0,0,0,0,0,0,7,0,1,0,6,2,0,,382.38207244873,43,41,42,2,2,2,1,1,0,0,0,0,7,7,7,33,31,33,3.83,0
b267facb-5465-4aa0-9890-80ca03b90275,Turker,21,11,8,0,2,17,10,6,0,1,4,1,2,0,1,0,0,0,0,0,0,0,0,0,0,3,0,f,584.71866607666,34,34,28,29,29,24,5,5,4,0,0,0,0,0,0,0,0,0,2.91,1
b283b7bd-07ef-4fa0-855b-7019c621853e,Turker,21,11,7,1,2,18,11,6,1,0,1,0,1,0,0,0,0,0,0,0,2,0,0,0,2,1,0,,196.686508178711,28,27,4,25,24,4,1,1,0,0,0,0,2,2,0,0,0,0,5.66,1
b33086d8-7aa0-43f5-ad67-b88a793831f0,Anonymous,11,7,2,2,0,4,4,0,0,0,7,3,2,2,0,0,0,0,0,0,0,0,0,0,0,3,0,,650.61124420166,11,7,3,4,3,0,7,4,3,0,0,0,0,0,0,0,0,0,3.55,0
b4095f4a-a44c-409a-abd7-d8714f610073,Turker,25,25,0,0,0,6,6,0,0,0,19,19,0,0,0,0,0,0,0,0,0,0,0,0,0,3,0,,533.399993896484,33,32,33,6,6,6,23,22,23,0,0,0,0,0,0,4,4,4,5.21,4
b649a20a-a7c0-4f3c-b78e-732528dcd2cd,Turker,28,22,2,3,1,11,10,0,1,0,11,8,1,2,0,5,3,1,0,1,1,1,0,0,0,3,0,,610.010711669922,36,33,27,19,18,12,11,10,11,5,4,3,1,1,1,0,0,0,3.71,1
b6cfb689-324a-4d27-8e0e-7a98c543936c,Registered,22,22,0,0,0,2,2,0,0,0,19,19,0,0,0,0,0,0,0,0,1,1,0,0,0,1,0,,152.399993896484,26,26,15,2,2,0,23,23,14,0,0,0,1,1,1,0,0,0,7.34,3
b7d03a6f-5e20-49a1-8292-0e181d2a563f,Turker,14,6,6,0,2,12,6,6,0,0,0,0,0,0,0,2,0,0,0,2,0,0,0,0,0,1,0,,157.514003753662,18,5,17,15,5,14,0,0,0,2,0,2,0,0,0,1,0,1,16.11,1
ba0d1560-1cc0-4e9a-91a8-c3e8aebbdc83,Registered,38,28,3,1,6,7,7,0,0,0,22,19,1,0,2,0,0,0,0,0,9,2,2,1,4,3,5,,533.399993896484,38,38,37,7,7,7,22,22,21,0,0,0,9,9,9,0,0,0,5.26,5
bb64c416-b0bb-4a5b-b369-00f2a56fea3a,Turker,605,521,52,15,17,180,167,9,3,1,285,254,25,6,0,103,71,15,6,11,37,29,3,0,5,79,0,t,23559.2020378113,1143,1123,942,418,415,252,379,377,370,103,102,79,38,30,37,205,199,204,3.30,3
bca24c1a-a6b1-4625-ab8e-9ff8693022d7,Turker,1383,1022,194,49,118,504,471,24,8,1,254,204,33,17,0,198,83,71,8,36,427,264,66,16,81,210,13,t,61035.9053974152,5397,5347,4803,1021,1013,490,327,325,321,200,196,183,440,433,410,3409,3380,3399,2.69,0
bcab54f5-6904-4931-94c2-c58a404e4896,Turker,18,14,2,0,2,13,12,1,0,0,5,2,1,0,2,0,0,0,0,0,0,0,0,0,0,2,0,,347.693706512451,24,23,20,19,18,15,5,5,5,0,0,0,0,0,0,0,0,0,2.93,3
bd1cdb42-d1ef-4ec4-90b7-e6ac5679ab63,Turker,15,12,3,0,0,10,9,1,0,0,3,2,1,0,0,2,1,1,0,0,0,0,0,0,0,2,0,,317.059406280518,15,14,6,10,10,2,3,2,2,2,2,2,0,0,0,0,0,0,4.22,1
bd756ec3-bc62-4fd5-ab06-d0267699a164,Anonymous,11,8,3,0,0,9,7,2,0,0,1,1,0,0,0,1,0,1,0,0,0,0,0,0,0,1,3,,245.603240966797,11,11,7,9,9,5,1,1,1,1,1,1,0,0,0,0,0,0,8.15,0
bebca9f7-b135-44aa-984a-f7b0d39dfee3,Registered,16,12,2,0,2,8,8,0,0,0,0,0,0,0,0,3,2,0,0,1,5,2,2,0,1,1,0,,157.896382808685,18,18,6,8,8,0,0,0,0,3,3,2,5,5,4,2,2,0,,
bef7550b-076a-4391-89d0-9665c4bdce5f,Registered,43,37,3,2,1,6,6,0,0,0,10,8,1,1,0,12,9,2,0,1,15,14,0,1,0,3,6,,533.399993896484,43,40,36,6,6,4,10,9,7,12,11,11,15,14,14,0,0,0,6.15,1
bf16418a-4c99-4fd6-99c6-7e8b40fbe17b,Turker,1098,877,149,48,24,710,551,116,40,3,264,231,26,7,0,33,27,3,0,3,91,68,4,1,18,129,0,t,38554.1921691895,2459,2426,1135,1440,1436,347,319,318,312,33,33,29,95,92,87,561,547,360,2.81,0
c0ed3c03-a927-47ad-8185-af5b023ee6ee,Turker,10,6,2,0,2,1,1,0,0,0,3,3,0,0,0,3,0,1,0,2,3,2,1,0,0,0,0,,135.395370483398,29,29,29,1,1,1,3,3,3,3,3,3,3,3,3,19,19,19,9.13,4
c22f6bcb-2f02-4406-bc6e-1b9399072fe7,Turker,10,9,0,0,1,0,0,0,0,0,10,9,0,0,1,0,0,0,0,0,0,0,0,0,0,1,0,,152.399993896484,14,12,14,0,0,0,14,12,14,0,0,0,0,0,0,0,0,0,1.80,0
c2a98ae5-8471-4235-9c8b-bc77bc2865c5,Turker,17,16,1,0,0,14,14,0,0,0,2,1,1,0,0,0,0,0,0,0,1,1,0,0,0,0,3,,150.922500610352,27,27,27,24,24,24,2,2,2,0,0,0,1,1,1,0,0,0,16.45,1
c3adb148-32d0-4af8-b1af-321455c731b6,Turker,34,23,6,1,4,21,15,4,1,1,10,8,1,0,1,3,0,1,0,2,0,0,0,0,0,2,1,f,526.553161621094,48,48,25,34,34,13,10,10,10,3,3,1,0,0,0,1,1,1,5.24,4
c4032a46-55e1-45f0-9a2e-c49d1306632e,Registered,13,11,1,1,0,12,11,0,1,0,0,0,0,0,0,1,0,1,0,0,0,0,0,0,0,2,0,,374.122459411621,15,15,3,13,13,2,0,0,0,1,1,1,0,0,0,1,1,0,,
c4ba4d40-3811-4e61-9326-528e8f4d220e,Anonymous,13,11,0,0,2,9,9,0,0,0,0,0,0,0,0,2,1,0,0,1,2,1,0,0,1,1,3,,152.399993896484,13,13,4,9,9,2,0,0,0,2,2,0,2,2,2,0,0,0,4.78,1
c628bd0b-9d28-43d2-8cf2-7d704f1de4d8,Turker,17,2,12,0,3,5,2,3,0,0,1,0,1,0,0,8,0,5,0,3,3,0,3,0,0,5,3,f,1296.66619873047,22,20,12,5,5,4,1,1,0,8,6,7,3,3,1,5,5,0,9.84,0
c7190807-b56e-40c5-b96e-49dc8368328c,Registered,242,175,34,15,18,51,45,4,2,0,81,63,10,8,0,55,32,14,2,7,55,35,6,3,11,16,22,,3739.45405197144,355,334,253,107,103,31,109,108,105,55,54,51,55,55,55,15,14,11,,
c71dbfde-d9cf-480a-88f6-11468717d691,Turker,30,21,5,2,2,19,14,3,0,2,11,7,2,2,0,0,0,0,0,0,0,0,0,0,0,1,0,f,281.851211547852,38,37,38,25,24,25,11,11,11,0,0,0,0,0,0,2,2,2,7.93,2
c72967e0-462e-478c-a30b-9b983a2591a5,Turker,44,32,10,0,2,16,12,3,0,1,14,11,3,0,0,0,0,0,0,0,14,9,4,0,1,3,5,,533.399993896484,53,51,29,23,23,0,16,16,16,0,0,0,14,12,13,0,0,0,6.69,1
c742c954-90f2-4979-a287-0a61b16db5ab,Registered,17,10,3,2,2,2,2,0,0,0,2,0,1,1,0,13,8,2,1,2,0,0,0,0,0,1,1,,152.399993896484,35,33,32,7,6,6,2,2,1,21,21,21,1,1,1,3,2,2,20.20,3
c83aa162-6050-448a-91e1-f5ab91d32809,Turker,31,13,17,0,1,15,2,13,0,0,0,0,0,0,0,6,4,1,0,1,10,7,3,0,0,3,2,f,533.399993896484,38,37,25,22,21,9,0,0,0,6,6,6,10,10,10,0,0,0,6.17,2
c999700a-b593-41f2-89d7-9650e04068dc,Turker,14,14,0,0,0,12,12,0,0,0,2,2,0,0,0,0,0,0,0,0,0,0,0,0,0,1,0,,256.069526672363,17,17,8,14,14,8,2,2,0,0,0,0,0,0,0,0,0,0,4.93,3
c9a73ea7-6f03-44a9-b292-8632c377ae3e,Turker,10,3,5,0,2,1,0,1,0,0,2,2,0,0,0,7,1,4,0,2,0,0,0,0,0,0,0,f,127.49577331543,10,7,9,1,1,1,2,2,2,7,4,6,0,0,0,0,0,0,5.78,1
cae0bf84-5439-43b4-be39-af7861423fdd,Registered,39,27,7,1,4,6,3,2,0,1,29,22,4,1,2,4,2,1,0,1,0,0,0,0,0,3,8,,644.283843994141,39,39,22,6,6,2,29,29,18,4,4,2,0,0,0,0,0,0,2.89,1
cb98e9ec-062d-44e1-a377-1b1b3016ae8d,Anonymous,16,7,6,1,2,6,4,1,1,0,7,3,4,0,0,3,0,1,0,2,0,0,0,0,0,1,1,,152.399993896484,16,13,5,6,6,0,7,7,2,3,0,3,0,0,0,0,0,0,2.62,0
cba95ec1-1409-4c58-924b-fac13ed45679,Anonymous,10,8,2,0,0,2,2,0,0,0,6,6,0,0,0,2,0,2,0,0,0,0,0,0,0,2,0,,347.046669006348,10,9,9,2,2,2,6,5,6,2,2,1,0,0,0,0,0,0,5.34,0
cbdba4bd-c537-46c1-b08d-fff21c52fa3f,Turker,11,8,2,0,1,8,7,0,0,1,3,1,2,0,0,0,0,0,0,0,0,0,0,0,0,1,0,,152.399993896484,11,11,8,8,8,5,3,3,3,0,0,0,0,0,0,0,0,0,4.22,0
cc752440-fd42-4e58-bc62-e7bb3cc8e62d,Turker,12,7,5,0,0,11,6,5,0,0,1,1,0,0,0,0,0,0,0,0,0,0,0,0,0,0,0,f,81.5702514648438,15,14,14,14,13,13,1,1,1,0,0,0,0,0,0,0,0,0,7.68,1
ce2a540c-1519-4be2-9d19-c57872816314,Registered,29,23,2,1,3,21,18,2,1,0,5,3,0,0,2,2,2,0,0,0,1,0,0,0,1,3,9,,382.944303631783,34,30,13,26,23,8,5,4,4,2,2,0,1,1,1,0,0,0,1.56,0
ce5bfe65-0ea0-46e8-abac-14e38290f995,Anonymous,11,8,1,2,0,9,7,1,1,0,2,1,0,1,0,0,0,0,0,0,0,0,0,0,0,1,0,,185.773170471191,11,11,6,9,9,5,2,2,1,0,0,0,0,0,0,0,0,0,,
ce84196c-45fe-435d-854c-99986e2ac9c4,Turker,29,22,3,2,2,27,22,3,1,1,0,0,0,0,0,0,0,0,0,0,2,0,0,1,1,6,0,t,1264.9151763916,74,70,30,49,48,16,0,0,0,0,0,0,2,0,2,23,22,12,4.13,0
ce993fd7-3a84-4155-acb6-f4fa5d5c8d2b,Registered,16,14,1,0,1,10,9,1,0,0,2,2,0,0,0,1,0,0,0,1,3,3,0,0,0,4,0,,685.799987792969,28,28,16,13,13,3,2,2,2,1,1,1,3,3,3,9,9,7,4.28,0
cea9e332-0eca-40e2-84bd-8918b6bc9a1c,Registered,15,12,1,1,1,5,4,1,0,0,0,0,0,0,0,10,8,0,1,1,0,0,0,0,0,4,7,,838.199981689453,23,21,20,5,5,5,0,0,0,10,10,7,0,0,0,8,6,8,11.03,0
d023103b-1607-4efa-97d9-083b057da624,Registered,16,15,1,0,0,5,5,0,0,0,9,9,0,0,0,2,1,1,0,0,0,0,0,0,0,2,0,,304.799987792969,16,15,13,5,4,3,9,9,9,2,2,1,0,0,0,0,0,0,7.18,1
d06430a7-f741-40b2-bd15-2c8ea742cca4,Turker,21,15,1,3,2,10,6,1,2,1,9,7,0,1,1,0,0,0,0,0,2,2,0,0,0,3,0,,533.399993896484,22,22,15,10,10,3,9,9,9,0,0,0,2,2,2,1,1,1,9.29,0
d0a9beee-5a86-4968-87ab-e9505311d6b0,Turker,18,13,1,0,4,10,9,1,0,0,2,2,0,0,0,5,2,0,0,3,1,0,0,0,1,2,0,,461.342697143555,24,24,6,13,13,3,2,2,1,5,5,0,1,1,1,3,3,1,4.29,1
d232fb1b-5859-45e3-8fcd-cd9bcfceef4d,Anonymous,25,22,1,1,1,11,11,0,0,0,8,7,0,1,0,3,1,1,0,1,3,3,0,0,0,5,0,,1142.99996948242,46,45,23,31,30,8,8,8,8,3,3,3,3,3,3,1,1,1,4.38,2
d2352eb4-f6a4-486a-9191-e5df49f3f630,Turker,23,22,0,1,0,7,7,0,0,0,15,14,0,1,0,1,1,0,0,0,0,0,0,0,0,2,0,,317.231654167175,26,26,1,7,7,1,18,18,0,1,1,0,0,0,0,0,0,0,4.74,1
d28773ff-5d91-4bdb-8609-26ec40e9929e,Registered,21,9,8,0,4,1,1,0,0,0,1,0,1,0,0,1,0,1,0,0,18,8,6,0,4,3,6,,533.399993896484,36,36,35,1,1,1,1,1,1,1,1,1,18,18,18,15,15,14,2.11,0
d2b04e27-13ce-4aff-a06a-7c7147c96696,Registered,744,406,242,41,55,33,29,2,2,0,248,179,58,11,0,320,119,158,21,22,143,79,24,7,33,63,18,,17582.8673744202,1196,1105,562,173,167,108,426,411,19,320,296,234,143,133,126,104,98,75,4.27,1
d2d41e99-a5d3-4320-b73a-99aba44437c0,Turker,23,13,6,1,3,17,9,5,1,2,2,2,0,0,0,0,0,0,0,0,4,2,1,0,1,1,0,,152.399993896484,28,25,11,22,21,5,2,2,2,0,0,0,4,2,4,0,0,0,7.29,1
d3636d4c-2d16-410c-bf44-c066ecaf1c31,Registered,591,386,156,18,31,250,141,104,5,0,184,157,25,2,0,60,38,11,7,4,97,50,16,4,27,50,83,f,14286.4560852051,1364,975,734,539,290,78,238,204,199,60,50,44,97,92,84,343,339,329,6.66,0
d4adb1eb-4ecf-40d4-8ee6-8f23df4b0c05,Registered,28,20,7,1,0,9,3,6,0,0,19,17,1,1,0,0,0,0,0,0,0,0,0,0,0,2,0,,304.799987792969,32,32,28,9,9,5,20,20,20,0,0,0,0,0,0,3,3,3,15.09,1
d4d5f6d6-3f75-4976-a633-7d3e9d2e5c1f,Anonymous,34,30,2,0,2,15,14,1,0,0,17,16,0,0,1,2,0,1,0,1,0,0,0,0,0,4,11,,838.199981689453,61,57,27,22,22,4,19,19,19,2,2,2,0,0,0,1,1,0,13.29,0
d52dc403-5474-4140-946a-74a09070835b,Registered,39,28,5,1,5,10,9,0,1,0,18,13,5,0,0,2,2,0,0,0,9,4,0,0,5,4,3,,504.792339324951,41,41,33,11,11,7,18,18,14,2,2,2,9,9,9,1,1,1,13.55,2
d5e1a7c0-b593-4246-b32f-b82136c4accc,Registered,86,71,5,1,9,35,31,1,1,2,24,18,3,0,3,7,6,1,0,0,20,16,0,0,4,6,5,,990.599975585938,98,90,57,46,45,9,24,21,23,7,6,5,20,17,19,1,1,1,,
d630897c-5f5a-4338-b7af-f4c225eb808e,Registered,30,22,6,1,1,14,13,0,0,1,3,2,1,0,0,6,6,0,0,0,7,1,5,1,0,3,6,,533.399993896484,33,29,24,16,16,11,3,3,2,6,4,5,7,6,6,1,0,0,4.89,4
d711b30e-6127-461c-bb6b-a761a4812bda,Turker,11,9,0,0,2,6,6,0,0,0,2,2,0,0,0,0,0,0,0,0,3,1,0,0,2,1,0,,221.459434509277,11,10,11,6,6,6,2,2,2,0,0,0,3,2,3,0,0,0,3.95,1
d76b0c4f-573c-42d2-851f-959cfbc3976b,Anonymous,14,6,8,0,0,13,6,7,0,0,0,0,0,0,0,1,0,1,0,0,0,0,0,0,0,1,3,,163.021070480347,24,18,1,23,17,0,0,0,0,1,1,1,0,0,0,0,0,0,3.91,0
d7c25682-6a75-4346-818f-0099909e37c1,Anonymous,10,10,0,0,0,10,10,0,0,0,0,0,0,0,0,0,0,0,0,0,0,0,0,0,0,0,0,,99.7420043945312,11,11,3,10,10,3,0,0,0,0,0,0,0,0,0,1,1,0,3.71,0
d7e0172f-3d59-44e0-ae32-64f3b9015c2a,Researcher,20,13,4,2,1,2,2,0,0,0,16,11,3,2,0,1,0,1,0,0,1,0,0,0,1,1,3,,304.799987792969,24,24,21,2,2,0,20,20,20,1,1,0,1,1,1,0,0,0,2.82,1
d7e3d340-ccaf-46fe-96c2-f00ba2c21707,Registered,12,4,8,0,0,12,4,8,0,0,0,0,0,0,0,0,0,0,0,0,0,0,0,0,0,2,0,,304.799987792969,17,17,3,16,16,2,0,0,0,0,0,0,0,0,0,1,1,1,4.32,0
d7f9398e-b348-4e9a-95c1-d5b307f941c2,Anonymous,27,18,3,4,2,16,12,3,1,0,7,4,0,3,0,1,1,0,0,0,3,1,0,0,2,3,0,,533.399993896484,36,35,33,24,24,22,7,6,6,1,1,1,3,3,3,1,1,1,4.79,0
d8ca6ac6-7dcf-441f-80f1-083c141162f6,Registered,10,7,2,0,1,6,5,1,0,0,0,0,0,0,0,3,1,1,0,1,1,1,0,0,0,3,5,,518.492198944092,10,10,8,6,6,4,0,0,0,3,3,3,1,1,1,0,0,0,10.60,1
d925a9e3-d171-48ce-a3c8-44b82aa69cfe,Turker,30,14,14,1,1,16,4,11,1,0,13,10,3,0,0,1,0,0,0,1,0,0,0,0,0,2,0,f,314.769251823425,39,37,21,24,24,15,14,12,5,1,1,1,0,0,0,0,0,0,4.16,3
d9a2cebf-0500-4bcc-bee6-38c6537261c6,Turker,135,46,61,6,22,40,19,20,1,0,17,7,10,0,0,5,1,3,0,1,73,19,28,5,21,12,0,f,3388.10787963867,284,269,66,69,59,43,19,17,15,6,5,5,73,71,3,2,2,0,1.99,0
d9aaf6f1-beb2-4105-ac93-c9a259246741,Anonymous,17,13,2,0,2,11,10,1,0,0,0,0,0,0,0,3,2,1,0,0,3,1,0,0,2,2,3,,332.141139984131,23,21,8,17,16,2,0,0,0,3,3,3,3,2,3,0,0,0,3.39,4
da016cec-d8de-459f-922c-fd224c2ebce4,Registered,61,54,7,0,0,20,20,0,0,0,23,23,0,0,0,6,4,2,0,0,12,7,5,0,0,5,6,,990.599975585938,65,65,49,24,24,8,23,23,23,6,6,6,12,12,12,0,0,0,4.26,1
dada416e-535f-4bb3-a213-172a8a94b581,Registered,111,84,14,1,12,26,23,2,0,1,33,30,3,0,0,22,11,6,0,5,30,20,3,1,6,7,10,,1603.40719771385,130,125,98,41,41,17,33,32,32,22,19,15,30,29,30,4,4,4,3.34,0
db8156bc-0d00-4f04-b37b-8afeae49ac15,Registered,29,25,1,1,2,14,12,1,1,0,12,12,0,0,0,2,0,0,0,2,1,1,0,0,0,2,0,,454.857002258301,32,30,18,15,15,4,12,12,12,2,2,1,1,1,1,0,0,0,4.02,1
dba3f80e-25eb-4815-aa4a-d23dd7123bb5,Anonymous,20,18,1,1,0,15,13,1,1,0,5,5,0,0,0,0,0,0,0,0,0,0,0,0,0,1,0,,152.399993896484,22,18,10,17,13,5,5,5,5,0,0,0,0,0,0,0,0,0,6.48,0
dc73a7a8-1912-4c37-9db6-43451994f7dc,Turker,32,22,7,2,1,20,17,2,1,0,7,4,2,1,0,5,1,3,0,1,0,0,0,0,0,7,0,f,1770.66190338135,40,30,0,27,19,0,7,7,0,5,3,0,0,0,0,0,0,0,3.86,0
dce5984b-25d9-48f9-b8b7-640202b3be3c,Registered,161,132,17,5,7,68,67,1,0,0,49,33,11,5,0,12,8,2,0,2,32,24,3,0,5,16,51,,4264.82346343994,334,334,261,170,170,109,65,65,60,12,12,10,32,32,31,55,55,51,,
dd10a183-4ec6-4d5b-ba1e-160bf00f29d4,Turker,36,21,12,3,0,19,10,8,1,0,17,11,4,2,0,0,0,0,0,0,0,0,0,0,0,3,0,f,583.899452209473,48,48,47,31,31,30,17,17,17,0,0,0,0,0,0,0,0,0,1.41,0
dd6ff285-89f2-4273-a761-ca83c4004e3b,Anonymous,16,11,3,1,1,2,2,0,0,0,10,7,2,1,0,4,2,1,0,1,0,0,0,0,0,3,0,,599.153961181641,32,12,15,2,2,2,10,6,2,4,1,4,0,0,0,16,3,7,,
de973f74-93dd-4cd5-9570-f1038592331a,Turker,20,3,17,0,0,0,0,0,0,0,20,3,17,0,0,0,0,0,0,0,0,0,0,0,0,2,0,f,387.216102600098,20,4,3,0,0,0,20,4,3,0,0,0,0,0,0,0,0,0,9.83,1
dfffc059-6649-430f-965d-4040138468e3,Turker,35,29,3,0,3,15,14,1,0,0,15,14,1,0,0,5,1,1,0,3,0,0,0,0,0,8,0,f,2057.39993286133,49,19,0,23,10,0,18,6,0,5,2,0,0,0,0,3,1,0,1.61,0
e00b3150-0ddb-4efa-a0ca-c1c745648441,Registered,18,14,0,1,3,13,12,0,1,0,2,2,0,0,0,3,0,0,0,3,0,0,0,0,0,3,0,,533.399993896484,21,21,19,14,14,13,2,2,2,3,3,2,0,0,0,2,2,2,1.75,0
e0553cc7-41e3-48d2-8a78-5e4d5a5735dc,Registered,14,5,8,1,0,3,1,2,0,0,11,4,6,1,0,0,0,0,0,0,0,0,0,0,0,4,6,,963.140274047852,109,82,100,3,3,2,11,5,7,0,0,0,0,0,0,95,74,91,,
e0b3316c-6d15-48ab-9bd3-3eceafc14059,Registered,33,28,4,0,1,23,22,1,0,0,4,4,0,0,0,3,1,1,0,1,3,1,2,0,0,4,64,,838.199981689453,44,44,10,34,34,1,4,4,4,3,3,2,3,3,3,0,0,0,8.26,1
e272c3a0-0ecf-4291-8854-88ef9e3b9f4a,Registered,34,27,6,0,1,21,17,3,0,1,11,10,1,0,0,1,0,1,0,0,1,0,1,0,0,3,7,,360.844627380371,38,35,19,24,24,5,11,10,11,1,1,1,1,0,1,1,0,1,3.28,0
e277369c-38bd-4d01-822d-e8e653bffbff,Turker,11,4,5,0,2,5,3,1,0,1,4,1,3,0,0,2,0,1,0,1,0,0,0,0,0,4,0,,1119.27323913574,12,11,0,5,5,0,4,4,0,2,2,0,0,0,0,1,0,0,2.63,0
e3c899e8-b9d4-4393-b047-bdaf61b229d0,Anonymous,23,14,7,1,1,11,8,3,0,0,6,4,2,0,0,1,0,1,0,0,5,2,1,1,1,2,3,,459.56022310257,23,21,12,11,11,4,6,5,3,1,1,1,5,4,4,0,0,0,3.70,6
e46bebd8-8e5c-498b-adcb-72210a9c4b4f,Anonymous,14,12,2,0,0,6,5,1,0,0,8,7,1,0,0,0,0,0,0,0,0,0,0,0,0,4,8,,619.685516357422,14,14,14,6,6,6,8,8,8,0,0,0,0,0,0,0,0,0,14.75,5
e4ff325c-309b-4ea6-8555-8f973e662362,Researcher,510,378,64,10,58,131,118,4,3,6,61,53,7,1,0,28,23,4,0,1,290,184,49,6,51,37,218,,8609.5777425766,869,848,694,171,171,38,66,66,65,28,26,21,292,289,273,301,296,297,0.12,0
e5540dc7-88a6-4165-a8b5-82693ba3cbfa,Anonymous,17,13,0,1,3,3,3,0,0,0,10,8,0,1,1,0,0,0,0,0,4,2,0,0,2,1,1,,152.399993896484,17,17,17,3,3,3,10,10,10,0,0,0,4,4,4,0,0,0,11.25,0
e5d90449-cebd-475d-8335-ab3aeda30917,Anonymous,16,13,2,1,0,12,12,0,0,0,4,1,2,1,0,0,0,0,0,0,0,0,0,0,0,1,1,,152.399993896484,18,18,16,12,12,10,4,4,4,0,0,0,0,0,0,2,2,2,5.62,2
e6953769-ef1b-41ee-894c-adc172c7b416,Registered,17,15,0,0,2,2,2,0,0,0,6,6,0,0,0,2,1,0,0,1,7,6,0,0,1,2,0,,320.104468345642,30,19,15,2,2,0,6,6,5,2,2,2,7,7,6,2,2,2,7.04,0
e77d2f59-a6bb-443e-81c4-0c70bf52230d,Registered,37,13,14,3,7,0,0,0,0,0,7,2,0,3,2,12,3,7,0,2,18,8,7,0,3,4,8,,854.21297454834,57,52,52,0,0,0,7,7,7,12,11,9,18,15,17,20,19,19,,
e77f93c1-1a2c-45db-9650-a98f1947fd14,Turker,70,42,14,5,9,16,12,1,3,0,8,6,2,0,0,13,7,5,0,1,33,17,6,2,8,5,0,t,1117.15733337402,94,91,57,23,23,6,8,8,5,13,13,6,33,32,32,15,15,8,4.07,1
e8503432-ad52-4e7f-948e-6d9e8005839c,Registered,69,55,4,1,9,30,25,1,0,4,19,16,1,0,2,1,1,0,0,0,19,13,2,1,3,3,5,,533.399993896484,74,70,45,35,32,7,19,19,19,1,1,0,19,18,19,0,0,0,3.58,1
e8b5f3d7-bf0b-4af8-a430-3099591ac460,Turker,11,8,2,0,1,8,8,0,0,0,0,0,0,0,0,2,0,2,0,0,1,0,0,0,1,0,0,,117.610908508301,11,11,7,8,8,4,0,0,0,2,2,2,1,1,1,0,0,0,5.64,1
e8bc0049-cc2a-43f7-bad5-70ecd17abbb0,Registered,34,19,12,0,3,18,17,1,0,0,0,0,0,0,0,15,2,11,0,2,1,0,0,0,1,2,7,,450.135589599609,55,55,13,37,37,0,0,0,0,15,15,11,1,1,1,2,2,1,,
e95746f6-1e08-473f-8dfa-fc836abb1e41,Turker,28,22,6,0,0,21,18,3,0,0,6,4,2,0,0,0,0,0,0,0,1,0,1,0,0,4,3,f,825.370040893555,33,32,20,27,26,14,5,5,5,0,0,0,1,1,1,0,0,0,6.67,6
e9e3a214-c733-41a9-989e-51b0ae705626,Registered,80,58,17,2,3,50,44,3,2,1,6,6,0,0,0,16,4,10,0,2,8,4,4,0,0,4,8,,632.707794189453,93,85,69,62,60,39,6,3,6,16,16,16,8,6,7,1,0,1,3.76,2
ea7985e2-61c3-4c65-844d-a66ecc531bcc,Turker,19,15,1,0,3,6,6,0,0,0,5,4,0,0,1,4,2,0,0,2,4,3,1,0,0,1,0,,272.817100524902,19,18,19,6,6,6,5,5,5,4,4,4,4,3,4,0,0,0,6.83,0
eb3a0b8f-92d8-4e1e-8f6a-e32c2c0e382e,Anonymous,17,13,1,2,1,7,7,0,0,0,9,6,1,2,0,0,0,0,0,0,1,0,0,0,1,2,2,,304.799987792969,17,15,12,7,7,2,9,7,9,0,0,0,1,1,1,0,0,0,1.15,0
ec11c059-2d2a-4d12-9ea2-d2af26a2a711,Registered,18,14,1,1,2,13,12,0,1,0,0,0,0,0,0,2,2,0,0,0,3,0,1,0,2,2,1,,304.799987792969,29,27,18,24,22,15,0,0,0,2,2,0,3,3,3,0,0,0,5.63,2
ec15a589-dd14-4513-a43e-8c06e55f4c71,Turker,2060,1365,405,106,184,631,573,36,22,0,533,389,104,37,3,74,36,30,3,5,822,367,235,44,176,328,48,t,97177.5221443176,5816,5631,908,1843,1776,284,782,760,133,79,77,18,884,861,310,2209,2147,163,2.66,2
ecc39c41-5c78-48f8-830d-9021ad7c8345,Turker,20,16,3,0,1,5,3,2,0,0,10,9,1,0,0,1,1,0,0,0,4,3,0,0,1,3,2,f,540.671506881714,21,20,16,5,5,5,10,10,6,1,1,1,4,3,4,0,0,0,4.04,1
edce27c8-cf20-4da1-a15e-f6d5ee227333,Anonymous,16,14,1,0,1,14,13,1,0,0,1,1,0,0,0,1,0,0,0,1,0,0,0,0,0,3,2,,639.132743835449,35,32,10,33,30,8,1,1,1,1,1,1,0,0,0,0,0,0,18.64,1
eeff2167-1c4e-4719-940e-11534aa13190,Turker,20,9,5,0,6,0,0,0,0,0,0,0,0,0,0,9,3,2,0,4,11,6,3,0,2,2,0,f,314.548208236694,20,14,19,0,0,0,0,0,0,9,4,8,11,10,11,0,0,0,7.98,2
f03701ca-ff1d-4ac2-89cf-08c64c239d21,Registered,28,23,3,2,0,13,11,1,1,0,7,6,1,0,0,2,2,0,0,0,6,4,1,1,0,2,0,,152.399993896484,30,30,26,15,15,11,7,7,7,2,2,2,6,6,6,0,0,0,6.66,2
f0527a65-0985-4fb9-a4f7-f53e94db998b,Anonymous,31,27,2,0,2,23,22,0,0,1,0,0,0,0,0,4,2,2,0,0,4,3,0,0,1,1,0,,152.399993896484,33,33,10,25,25,4,0,0,0,4,4,3,4,4,3,0,0,0,,
f13d2630-35fd-4a78-883d-d108be083425,Turker,2541,1825,374,138,204,931,854,52,24,1,850,678,114,57,1,116,51,35,13,17,644,242,173,44,185,291,0,t,87028.2298431396,4788,4643,103,1967,1910,41,1113,1086,26,116,116,20,657,638,9,924,887,7,1.49,0
f193f5bc-f5d6-4a0f-8bc2-688de0a9433e,Anonymous,15,14,1,0,0,14,13,1,0,0,0,0,0,0,0,1,1,0,0,0,0,0,0,0,0,0,1,,116.886451721191,35,34,31,34,33,30,0,0,0,1,1,1,0,0,0,0,0,0,8.21,0
f3019a96-1db8-4d3f-b28e-8b8589a944bb,Anonymous,12,8,1,0,3,6,4,1,0,1,4,3,0,0,1,1,1,0,0,0,1,0,0,0,1,0,2,,87.9639358520508,16,15,9,6,6,2,4,4,1,1,1,1,1,0,1,4,4,4,9.06,2
f35c4aaf-e263-4b17-923b-1cee1f225784,Registered,61,40,14,4,3,22,21,1,0,0,16,8,6,2,0,14,6,4,1,3,9,5,3,1,0,8,7,,1109.40299320221,123,112,59,50,50,10,16,16,8,14,13,12,9,8,7,28,25,22,,
f49eb660-1e7b-449b-b874-9742e0eb0651,Registered,64,34,20,3,7,47,24,15,2,6,3,2,1,0,0,7,6,0,1,0,7,2,4,0,1,3,7,,672.964324951172,76,73,28,58,56,21,3,3,2,7,6,3,7,7,2,1,1,0,3.45,1
f4dd57be-58a5-417e-8fce-07c63b907746,Turker,29,18,5,0,6,10,8,1,0,1,1,1,0,0,0,0,0,0,0,0,18,9,4,0,5,0,0,,122.355575561523,32,25,27,12,12,9,1,0,0,0,0,0,19,13,18,0,0,0,14.94,1
f5314ef9-3877-438c-ba65-ee2a2bbbf7f5,Turker,303,203,68,16,16,106,83,17,5,1,107,91,12,4,0,18,7,9,1,1,72,22,30,6,14,57,0,f,16754.8054962158,834,688,112,215,194,14,131,119,33,18,9,10,72,49,34,376,296,21,7.43,3
f53d7f19-97f7-4759-a882-6e4e48e2fdc0,Anonymous,12,8,2,0,2,6,6,0,0,0,0,0,0,0,0,6,2,2,0,2,0,0,0,0,0,1,1,,152.399993896484,12,12,7,6,6,1,0,0,0,6,6,6,0,0,0,0,0,0,4.25,1
f5b24781-cb90-4583-9cbd-23585477a8a2,Registered,32,21,5,2,4,10,8,1,1,0,0,0,0,0,0,9,5,3,0,1,13,8,1,1,3,1,6,,243.268024682999,49,44,39,10,10,3,0,0,0,9,8,9,13,12,10,17,14,17,30.52,1
f62a5e5f-e67f-40f9-98d6-a9fe6d9b925d,Anonymous,10,2,1,0,7,2,1,1,0,0,0,0,0,0,0,6,0,0,0,6,2,1,0,0,1,1,1,,152.399993896484,12,12,10,2,2,2,0,0,0,6,6,5,2,2,2,1,1,1,7.99,0
f69858b5-c091-409c-902c-2ae05998a7fe,Anonymous,16,10,2,0,4,3,2,1,0,0,1,1,0,0,0,5,1,1,0,3,7,6,0,0,1,1,3,,152.399993896484,19,19,15,3,3,2,1,1,1,5,5,3,7,7,6,3,3,3,7.69,2
f6bae7fb-cc29-4392-a41e-53110a4792ef,Anonymous,14,8,4,0,2,6,4,2,0,0,0,0,0,0,0,6,4,2,0,0,2,0,0,0,2,1,0,,152.399993896484,14,14,1,6,6,1,0,0,0,6,6,0,2,2,0,0,0,0,,
f7363ff2-e370-4a02-8a30-a3faa7a58763,Anonymous,10,10,0,0,0,1,1,0,0,0,8,8,0,0,0,1,1,0,0,0,0,0,0,0,0,3,2,,533.399993896484,11,8,1,1,1,0,8,5,0,1,1,1,0,0,0,1,1,0,4.37,4
f7c88fe1-7279-4257-b163-222530c8e1f3,Turker,10,6,3,0,1,5,2,2,0,1,1,1,0,0,0,1,0,1,0,0,3,3,0,0,0,4,3,f,982.465560913086,11,2,10,5,1,4,1,1,1,1,0,1,3,0,3,1,0,1,6.77,2
f80f7539-3f93-4e05-808b-9dfed7db9e71,Registered,51,48,2,0,1,23,22,1,0,0,14,13,0,0,1,9,8,1,0,0,5,5,0,0,0,6,1,,1142.99996948242,77,74,59,26,26,10,17,17,17,9,9,9,6,6,6,19,16,17,5.97,1
f831977e-f12a-4261-8e64-a5ca2271af83,Registered,32,17,9,0,6,10,5,4,0,1,6,3,2,0,1,3,1,1,0,1,13,8,2,0,3,4,6,,838.199981689453,58,57,42,10,10,9,6,6,2,3,2,1,13,13,13,26,26,17,1.36,0
f8f26754-59fb-4b11-b90f-cad6bf3690eb,Registered,44,37,1,0,6,42,35,1,0,6,0,0,0,0,0,0,0,0,0,0,2,2,0,0,0,5,7,,1143.58350431919,54,51,3,51,49,0,0,0,0,0,0,0,2,1,2,1,1,1,,
f98c9d5b-98ff-4965-a49c-037deee24520,Registered,39,31,5,3,0,10,9,1,0,0,10,10,0,0,0,9,7,1,1,0,10,5,3,2,0,26,1,,7543.79971313477,271,266,164,136,136,35,75,74,72,23,22,21,22,19,22,15,15,14,5.82,1
f9f7f1d9-37c9-462c-97fd-d345cf23965d,Anonymous,25,13,12,0,0,13,4,9,0,0,12,9,3,0,0,0,0,0,0,0,0,0,0,0,0,1,2,,152.399993896484,26,26,12,14,14,0,12,12,12,0,0,0,0,0,0,0,0,0,8.61,1
fa0bbee4-b98d-4eb3-b6da-d9e9aa287f6c,Researcher,298,273,9,2,14,149,136,3,2,8,119,110,4,0,5,17,16,1,0,0,13,11,1,0,1,5,1,,1322.67486572266,336,320,111,161,152,31,119,115,43,17,15,14,13,13,13,26,25,10,,
fbb46bbb-2273-4e5c-b3ec-b04a9ec6c442,Turker,11,8,3,0,0,8,7,1,0,0,3,1,2,0,0,0,0,0,0,0,0,0,0,0,0,2,0,f,320.293222427368,14,10,10,8,6,6,3,2,2,0,0,0,0,0,0,3,2,2,12.85,0
fc459fec-d0a5-420a-92fe-5c02b42377e1,Turker,11,10,1,0,0,11,10,1,0,0,0,0,0,0,0,0,0,0,0,0,0,0,0,0,0,4,0,,1035.77960205078,20,19,18,20,19,18,0,0,0,0,0,0,0,0,0,0,0,0,3.31,2
fc7fee17-2fb9-4407-9020-16ca2ee59be8,Registered,15,13,0,0,2,8,8,0,0,0,1,1,0,0,0,5,3,0,0,2,1,1,0,0,0,2,0,,385.826888561249,15,15,9,8,8,2,1,1,1,5,5,5,1,1,1,0,0,0,3.10,1
fd0a3b72-ef0f-4938-a0e1-69b4a274f99f,Turker,11,10,0,1,0,10,9,0,1,0,1,1,0,0,0,0,0,0,0,0,0,0,0,0,0,1,0,,229.457145690918,12,12,4,11,11,3,1,1,1,0,0,0,0,0,0,0,0,0,4.87,1
fdab54f3-436d-404d-bdd6-455e9afd3e53,Anonymous,25,6,12,3,4,0,0,0,0,0,0,0,0,0,0,21,6,11,3,1,4,0,1,0,3,1,0,,152.399993896484,54,52,52,0,0,0,0,0,0,21,19,19,4,4,4,29,29,29,5.27,2
fdd004f0-7eb1-4a61-ae2e-8aea7bc98e2c,Registered,45,34,2,1,8,11,11,0,0,0,13,11,0,1,1,0,0,0,0,0,21,12,2,0,7,2,0,,304.799987792969,50,50,44,12,12,6,16,16,16,0,0,0,22,22,22,0,0,0,2.63,0
